index_[thr: 50],img_path,H4W_pve,OSX_pve,l32_pve,H20_pve
10,/dataset/AGORA/data/3840x2160/validation_crop/ag_validationset_renderpeople_bfh_flowers_5_15_00002_ann_id_131656.png,379.2431669756105,428.853392410228,88.99769434006552,114.9358754980763
33,/dataset/AGORA/data/3840x2160/validation_crop/ag_validationset_renderpeople_bfh_flowers_5_15_00004_ann_id_131682.png,158.5666819776324,160.87529707436974,52.44222997138376,85.3414891272704
44,/dataset/AGORA/data/3840x2160/validation_crop/ag_validationset_renderpeople_bfh_flowers_5_15_00005_ann_id_131695.png,332.911181259484,319.2307701836471,138.81528326621685,163.9848433793437
79,/dataset/AGORA/data/3840x2160/validation_crop/ag_validationset_renderpeople_bfh_flowers_5_15_00011_ann_id_131750.png,643.1816722511609,513.1792164599768,102.12788414857016,129.1344282984622
99,/dataset/AGORA/data/3840x2160/validation_crop/ag_validationset_renderpeople_bfh_flowers_5_15_00014_ann_id_131772.png,403.038701543107,372.8040106126762,114.84702320328492,211.14511381254516
131,/dataset/AGORA/data/3840x2160/validation_crop/ag_validationset_renderpeople_bfh_flowers_5_15_00018_ann_id_131812.png,362.9687578652393,355.70479795392185,116.1561854222561,267.56339125408914
150,/dataset/AGORA/data/3840x2160/validation_crop/ag_validationset_renderpeople_bfh_flowers_5_15_00020_ann_id_131836.png,422.3027238359877,385.6252831138107,110.28202106262448,139.3727195095625
153,/dataset/AGORA/data/3840x2160/validation_crop/ag_validationset_renderpeople_bfh_flowers_5_15_00021_ann_id_131842.png,126.06601298158664,127.99363961428678,47.032140287773565,73.21150817537246
158,/dataset/AGORA/data/3840x2160/validation_crop/ag_validationset_renderpeople_bfh_flowers_5_15_00021_ann_id_131848.png,339.55185748984627,389.6573236337161,82.90943353065084,158.5994154663309
160,/dataset/AGORA/data/3840x2160/validation_crop/ag_validationset_renderpeople_bfh_flowers_5_15_00021_ann_id_131851.png,332.70527285613764,333.4520645498488,174.96082542392253,252.48189050587928
174,/dataset/AGORA/data/3840x2160/validation_crop/ag_validationset_renderpeople_bfh_flowers_5_15_00024_ann_id_131872.png,362.2831193394803,286.5942161202178,159.47801431255533,234.06565985364983
218,/dataset/AGORA/data/3840x2160/validation_crop/ag_validationset_renderpeople_bfh_flowers_5_15_00031_ann_id_131947.png,597.6314271556887,269.4218936343305,130.3137289216455,159.42738274374648
251,/dataset/AGORA/data/3840x2160/validation_crop/ag_validationset_renderpeople_bfh_flowers_5_15_00035_ann_id_132002.png,191.2090752963155,361.8548282050964,59.31094567275347,92.51600507299568
252,/dataset/AGORA/data/3840x2160/validation_crop/ag_validationset_renderpeople_bfh_flowers_5_15_00035_ann_id_132003.png,201.1646723488241,140.16126952846258,56.91792820425349,84.7634664354781
270,/dataset/AGORA/data/3840x2160/validation_crop/ag_validationset_renderpeople_bfh_flowers_5_15_00037_ann_id_132023.png,148.48766848854856,167.37613429984478,62.2186854766401,87.52999348020325
287,/dataset/AGORA/data/3840x2160/validation_crop/ag_validationset_renderpeople_bfh_flowers_5_15_00039_ann_id_132044.png,175.396047101246,168.38909486661376,53.90133812474606,109.1649590119824
304,/dataset/AGORA/data/3840x2160/validation_crop/ag_validationset_renderpeople_bfh_flowers_5_15_00041_ann_id_132061.png,290.06923613909873,394.9086016512083,76.84281309208312,157.82433948310398
314,/dataset/AGORA/data/3840x2160/validation_crop/ag_validationset_renderpeople_bfh_flowers_5_15_00043_ann_id_132076.png,123.61718556604984,120.29426622050404,44.36759789110573,70.2909413107587
357,/dataset/AGORA/data/3840x2160/validation_crop/ag_validationset_renderpeople_bfh_flowers_5_15_00048_ann_id_132130.png,594.1408491404982,583.8829567685335,203.28832300420063,300.8208526602642
417,/dataset/AGORA/data/3840x2160/validation_crop/ag_validationset_renderpeople_bfh_flowers_5_15_00057_ann_id_132220.png,386.2047400196657,380.6868380000204,72.42852393726007,103.42011265593815
509,/dataset/AGORA/data/3840x2160/validation_crop/ag_validationset_renderpeople_bfh_flowers_5_15_00071_ann_id_132353.png,214.6817737664172,182.2158840516916,34.42379833775793,67.3912714467045
565,/dataset/AGORA/data/3840x2160/validation_crop/ag_validationset_renderpeople_bfh_flowers_5_15_00080_ann_id_132440.png,623.6522267980436,444.0734448309538,135.5853373867178,170.6956430892272
584,/dataset/AGORA/data/3840x2160/validation_crop/ag_validationset_renderpeople_bfh_flowers_5_15_00083_ann_id_132465.png,426.7804551593164,492.822640887008,149.84964301543366,205.99659531157505
598,/dataset/AGORA/data/3840x2160/validation_crop/ag_validationset_renderpeople_bfh_flowers_5_15_00085_ann_id_132485.png,140.4850588214074,170.06517214610716,46.54034822950971,73.44087218124946
622,/dataset/AGORA/data/3840x2160/validation_crop/ag_validationset_renderpeople_bfh_flowers_5_15_00087_ann_id_132519.png,231.8677952684178,176.72344008186394,61.274104658210696,86.49353857413497
719,/dataset/AGORA/data/3840x2160/validation_crop/ag_validationset_renderpeople_bfh_flowers_5_15_00104_ann_id_132680.png,539.817418799887,447.5692376807269,125.0767633151943,151.07182189287332
737,/dataset/AGORA/data/3840x2160/validation_crop/ag_validationset_renderpeople_bfh_flowers_5_15_00107_ann_id_132711.png,401.2879031746038,362.8607166081979,203.55202989222457,249.10261025073143
775,/dataset/AGORA/data/3840x2160/validation_crop/ag_validationset_renderpeople_bfh_flowers_5_15_00112_ann_id_132765.png,189.80771530614103,237.56703188244504,66.52659370050597,105.47357707330907
828,/dataset/AGORA/data/3840x2160/validation_crop/ag_validationset_renderpeople_bfh_flowers_5_15_00120_ann_id_132850.png,559.1893829792914,270.6248368858852,69.20857592617615,95.9787195829155
858,/dataset/AGORA/data/3840x2160/validation_crop/ag_validationset_renderpeople_bfh_flowers_5_15_00125_ann_id_132896.png,225.0243422017,431.78519847958216,80.36452217183279,118.4905437659246
868,/dataset/AGORA/data/3840x2160/validation_crop/ag_validationset_renderpeople_bfh_flowers_5_15_00128_ann_id_132916.png,308.6081447379934,320.1585675998804,48.91459870828213,80.65003464823091
869,/dataset/AGORA/data/3840x2160/validation_crop/ag_validationset_renderpeople_bfh_flowers_5_15_00128_ann_id_132917.png,499.1907317372312,463.61845525369154,157.24903442805936,245.792106827504
903,/dataset/AGORA/data/3840x2160/validation_crop/ag_validationset_renderpeople_bfh_flowers_5_15_00133_ann_id_132972.png,147.922007181802,162.9265253015959,69.85305213753287,95.79899157573476
905,/dataset/AGORA/data/3840x2160/validation_crop/ag_validationset_renderpeople_bfh_flowers_5_15_00133_ann_id_132974.png,320.1176101465543,301.4018704313773,144.78165540584948,185.82297998673965
914,/dataset/AGORA/data/3840x2160/validation_crop/ag_validationset_renderpeople_bfh_flowers_5_15_00135_ann_id_132985.png,197.51809992923117,235.573816527982,69.93182639458595,113.02260696389698
917,/dataset/AGORA/data/3840x2160/validation_crop/ag_validationset_renderpeople_bfh_flowers_5_15_00135_ann_id_132991.png,449.5801488406132,672.1151849361338,206.2717408859952,239.5751505703305
918,/dataset/AGORA/data/3840x2160/validation_crop/ag_validationset_renderpeople_bfh_flowers_5_15_00136_ann_id_132992.png,287.91987834737336,212.66123957795327,105.17819809288214,134.59105234812142
947,/dataset/AGORA/data/3840x2160/validation_crop/ag_validationset_renderpeople_bfh_flowers_5_15_00141_ann_id_133047.png,435.6042561436523,278.1230734980253,109.12680876531064,211.1499516797444
948,/dataset/AGORA/data/3840x2160/validation_crop/ag_validationset_renderpeople_bfh_flowers_5_15_00141_ann_id_133048.png,230.67959436843327,235.1358070233491,96.47142139685138,137.97559487088554
963,/dataset/AGORA/data/3840x2160/validation_crop/ag_validationset_renderpeople_bfh_flowers_5_15_00143_ann_id_133069.png,275.74319521317614,299.6901711778515,119.27938069937709,203.0996814736486
985,/dataset/AGORA/data/3840x2160/validation_crop/ag_validationset_renderpeople_bfh_flowers_5_15_00147_ann_id_133106.png,311.9585554904816,294.67229435333326,100.71423244439882,135.21452053906324
1022,/dataset/AGORA/data/3840x2160/validation_crop/ag_validationset_renderpeople_bfh_flowers_5_15_00150_ann_id_133151.png,296.22834419961134,258.4027668211791,124.20720909669568,150.70116371348757
1047,/dataset/AGORA/data/3840x2160/validation_crop/ag_validationset_renderpeople_bfh_flowers_5_15_00154_ann_id_133195.png,539.7959073068369,251.42024501308276,112.8315446719018,161.47799442055438
1069,/dataset/AGORA/data/3840x2160/validation_crop/ag_validationset_renderpeople_bfh_flowers_5_15_00157_ann_id_133226.png,524.5657897714225,551.933154648347,161.0418166621768,244.4409262854019
1072,/dataset/AGORA/data/3840x2160/validation_crop/ag_validationset_renderpeople_bfh_flowers_5_15_00158_ann_id_133229.png,158.81597675537932,165.7703056996015,74.74840813847554,100.37071342193232
1094,/dataset/AGORA/data/3840x2160/validation_crop/ag_validationset_renderpeople_bfh_flowers_5_15_00160_ann_id_133254.png,132.97827073197917,124.79540660266731,40.88371675304568,71.18193606823948
1113,/dataset/AGORA/data/3840x2160/validation_crop/ag_validationset_renderpeople_bfh_flowers_5_15_00164_ann_id_133296.png,246.97790349601772,286.1296831504494,77.33604086899717,104.00111645328964
1151,/dataset/AGORA/data/3840x2160/validation_crop/ag_validationset_renderpeople_bfh_flowers_5_15_00168_ann_id_133358.png,302.8831702885026,179.70408631834712,48.78661573202441,127.69427138517324
1158,/dataset/AGORA/data/3840x2160/validation_crop/ag_validationset_renderpeople_bfh_flowers_5_15_00171_ann_id_133383.png,250.1244333166806,216.6306086027268,101.5827397578412,131.91360909406913
1189,/dataset/AGORA/data/3840x2160/validation_crop/ag_validationset_renderpeople_bfh_flowers_5_15_00176_ann_id_133431.png,159.59259127547566,209.33313224323533,55.50877300962483,90.43784316874935
1243,/dataset/AGORA/data/3840x2160/validation_crop/ag_validationset_renderpeople_bfh_flowers_5_15_00184_ann_id_133499.png,303.4431770785216,260.3384819959591,83.18393341496825,130.15583702120216
1268,/dataset/AGORA/data/3840x2160/validation_crop/ag_validationset_renderpeople_bfh_flowers_5_15_00188_ann_id_133541.png,232.2838341913241,280.54933913517954,95.12066280713157,151.1321828832899
1280,/dataset/AGORA/data/3840x2160/validation_crop/ag_validationset_renderpeople_bfh_flowers_5_15_00190_ann_id_133568.png,180.34658885551303,171.07505508896466,85.73030285873853,111.36777848697042
1323,/dataset/AGORA/data/3840x2160/validation_crop/ag_validationset_renderpeople_bfh_flowers_5_15_00196_ann_id_133625.png,465.5598466109427,435.67764589123016,70.74156118044975,122.87173181350175
1335,/dataset/AGORA/data/3840x2160/validation_crop/ag_validationset_renderpeople_bfh_flowers_5_15_00198_ann_id_133649.png,413.8874505082735,388.2853081831148,60.50727730956344,95.76413469013502
1345,/dataset/AGORA/data/3840x2160/validation_crop/ag_validationset_renderpeople_bfh_flowers_5_15_00201_ann_id_133672.png,444.26356460470913,478.1954765831166,174.63938009005057,222.0417934563928
1349,/dataset/AGORA/data/3840x2160/validation_crop/ag_validationset_renderpeople_bfh_flowers_5_15_00202_ann_id_133685.png,514.6113819766236,536.3005110748368,179.82842870546466,213.983498092797
1364,/dataset/AGORA/data/3840x2160/validation_crop/ag_validationset_renderpeople_bfh_flowers_5_15_00204_ann_id_133710.png,197.04537894600304,201.91714296701733,77.14674946497941,110.24799443581138
1399,/dataset/AGORA/data/3840x2160/validation_crop/ag_validationset_renderpeople_bfh_flowers_5_15_00208_ann_id_133755.png,214.74143455093588,175.12632594101723,61.002314151404754,87.07794208318259
1461,/dataset/AGORA/data/3840x2160/validation_crop/ag_validationset_renderpeople_bfh_brushifyforest_5_15_00168_ann_id_133842.png,140.7949996537221,135.16548254690954,32.75088456289335,58.12459917670433
1462,/dataset/AGORA/data/3840x2160/validation_crop/ag_validationset_renderpeople_bfh_brushifyforest_5_15_00168_ann_id_133843.png,293.5293278853348,296.28174448416496,53.2477245154989,78.54517556561426
1494,/dataset/AGORA/data/3840x2160/validation_crop/ag_validationset_renderpeople_bfh_brushifyforest_5_15_00171_ann_id_133877.png,525.989629947089,521.2127496645994,322.3154657480165,356.8001068697592
1503,/dataset/AGORA/data/3840x2160/validation_crop/ag_validationset_renderpeople_bfh_brushifyforest_5_15_00172_ann_id_133895.png,431.73537725440906,181.0504046694593,69.20950989183733,101.32395464534495
1515,/dataset/AGORA/data/3840x2160/validation_crop/ag_validationset_renderpeople_bfh_brushifyforest_5_15_00174_ann_id_133912.png,325.3801488114908,371.5813834350426,131.98334033102188,186.54655222590935
1517,/dataset/AGORA/data/3840x2160/validation_crop/ag_validationset_renderpeople_bfh_brushifyforest_5_15_00176_ann_id_133915.png,600.4227992718867,611.9619917617457,198.30549969067263,226.96372517668743
1518,/dataset/AGORA/data/3840x2160/validation_crop/ag_validationset_renderpeople_bfh_brushifyforest_5_15_00176_ann_id_133917.png,180.59687219826037,179.17701639244993,83.91074640311372,119.44061598817598
1540,/dataset/AGORA/data/3840x2160/validation_crop/ag_validationset_renderpeople_bfh_brushifyforest_5_15_00179_ann_id_133954.png,272.5253114095976,302.0024404337996,80.7009758208466,135.12288989229512
1546,/dataset/AGORA/data/3840x2160/validation_crop/ag_validationset_renderpeople_bfh_brushifyforest_5_15_00182_ann_id_133971.png,179.7928383218355,202.2562522831353,80.97151684451815,108.22328100125482
1568,/dataset/AGORA/data/3840x2160/validation_crop/ag_validationset_renderpeople_bfh_brushifyforest_5_15_00188_ann_id_134000.png,230.80462990234605,158.8797529042933,65.20021776659274,101.05937864172458
1621,/dataset/AGORA/data/3840x2160/validation_crop/ag_validationset_renderpeople_bfh_brushifyforest_5_15_00198_ann_id_134087.png,509.31070469261255,482.8348538887517,110.09766758527957,189.631951951155
1636,/dataset/AGORA/data/3840x2160/validation_crop/ag_validationset_renderpeople_bfh_brushifyforest_5_15_00200_ann_id_134104.png,255.34646806219945,299.9112656320861,106.29179484784738,138.00483104256224
1647,/dataset/AGORA/data/3840x2160/validation_crop/ag_validationset_renderpeople_bfh_brushifyforest_5_15_00201_ann_id_134116.png,286.8564455749205,245.9206267821894,105.99324748733912,134.8210399666319
1715,/dataset/AGORA/data/3840x2160/validation_crop/ag_validationset_renderpeople_bfh_brushifyforest_5_15_00216_ann_id_134185.png,557.1265047201225,531.7952795402019,202.99005734314645,236.02341756923707
1805,/dataset/AGORA/data/3840x2160/validation_crop/ag_validationset_renderpeople_bfh_brushifyforest_5_15_00238_ann_id_134294.png,156.6778245680475,144.73019669880114,65.10474427094819,90.59170497024829
1865,/dataset/AGORA/data/3840x2160/validation_crop/ag_validationset_renderpeople_bfh_brushifyforest_5_15_00249_ann_id_134370.png,427.2053447980861,295.7559463372269,57.68844844611361,82.79157307115544
1870,/dataset/AGORA/data/3840x2160/validation_crop/ag_validationset_renderpeople_bfh_brushifyforest_5_15_00250_ann_id_134375.png,258.45337737110015,256.71862159502666,105.16198918203222,146.95253293965686
1879,/dataset/AGORA/data/3840x2160/validation_crop/ag_validationset_renderpeople_bfh_brushifyforest_5_15_00251_ann_id_134384.png,174.6723209622153,193.20144722691376,78.34741512226717,105.98004056097292
1922,/dataset/AGORA/data/3840x2160/validation_crop/ag_validationset_renderpeople_bfh_brushifyforest_5_15_00257_ann_id_134433.png,842.1340276487991,310.96432536961595,138.1460839876955,167.44234922948272
1937,/dataset/AGORA/data/3840x2160/validation_crop/ag_validationset_renderpeople_bfh_brushifygrasslands_5_15_00002_ann_id_134464.png,211.9648075671448,225.06918013320464,86.17293418474188,114.0603144478446
2047,/dataset/AGORA/data/3840x2160/validation_crop/ag_validationset_renderpeople_bfh_brushifygrasslands_5_15_00014_ann_id_134583.png,125.41063413416958,122.39856804504076,41.68493654719301,68.0374649763739
2308,/dataset/AGORA/data/3840x2160/validation_crop/ag_validationset_renderpeople_bfh_brushifygrasslands_5_15_00056_ann_id_134868.png,187.16899843000425,179.19971907122243,63.31214604912429,89.54018416698635
2317,/dataset/AGORA/data/3840x2160/validation_crop/ag_validationset_renderpeople_bfh_brushifygrasslands_5_15_00057_ann_id_134878.png,248.89218617333427,210.1811819472231,38.99336210121361,65.76402960401032
2417,/dataset/AGORA/data/3840x2160/validation_crop/ag_validationset_renderpeople_bfh_hdri_50mm_5_15_00103_ann_id_134999.png,406.2475653382808,416.3361387672803,134.26541095819124,184.4887321929239
2456,/dataset/AGORA/data/3840x2160/validation_crop/ag_validationset_renderpeople_bfh_hdri_50mm_5_15_00111_ann_id_135054.png,189.3950314818211,169.69371550641196,41.59984490987819,72.09235151747609
2524,/dataset/AGORA/data/3840x2160/validation_crop/ag_validationset_renderpeople_bfh_hdri_50mm_5_15_00119_ann_id_135137.png,364.02972006473743,340.4341232367246,103.77606719625432,150.3773932141088
2531,/dataset/AGORA/data/3840x2160/validation_crop/ag_validationset_renderpeople_bfh_hdri_50mm_5_15_00122_ann_id_135148.png,322.837166129733,308.72364739746126,149.3739129177564,194.104034217752
2533,/dataset/AGORA/data/3840x2160/validation_crop/ag_validationset_renderpeople_bfh_hdri_50mm_5_15_00122_ann_id_135150.png,244.0136051253908,344.63853571994764,109.1516630740187,144.32202700094848
2566,/dataset/AGORA/data/3840x2160/validation_crop/ag_validationset_renderpeople_bfh_hdri_50mm_5_15_00127_ann_id_135203.png,198.6601628682604,192.32729539403545,43.32062045373683,78.18573241774402
2572,/dataset/AGORA/data/3840x2160/validation_crop/ag_validationset_renderpeople_bfh_hdri_50mm_5_15_00127_ann_id_135211.png,353.34631825631743,344.3247320363447,66.96081019212241,118.43676495161044
2573,/dataset/AGORA/data/3840x2160/validation_crop/ag_validationset_renderpeople_bfh_hdri_50mm_5_15_00127_ann_id_135212.png,371.2563674100597,348.8781990894523,62.48304916356006,132.0723181282549
2609,/dataset/AGORA/data/3840x2160/validation_crop/ag_validationset_renderpeople_bfh_hdri_50mm_5_15_00132_ann_id_135264.png,387.4029682936836,360.0880130130884,104.84272932305343,147.27740485773614
2619,/dataset/AGORA/data/3840x2160/validation_crop/ag_validationset_renderpeople_bfh_hdri_50mm_5_15_00133_ann_id_135280.png,669.8222628431163,504.2574026446472,180.96293762177908,206.92369980335383
2630,/dataset/AGORA/data/3840x2160/validation_crop/ag_validationset_renderpeople_bfh_hdri_50mm_5_15_00136_ann_id_135295.png,143.14988549940733,135.81689546350324,43.87198925545119,76.15502044366832
2633,/dataset/AGORA/data/3840x2160/validation_crop/ag_validationset_renderpeople_bfh_hdri_50mm_5_15_00139_ann_id_135298.png,214.321069717786,222.0467960048033,106.19447718192104,137.579868942179
2680,/dataset/AGORA/data/3840x2160/validation_crop/ag_validationset_renderpeople_bfh_hdri_50mm_5_15_00148_ann_id_135367.png,376.1791965380056,261.1869425773913,123.0870945546026,155.51524632836393
2683,/dataset/AGORA/data/3840x2160/validation_crop/ag_validationset_renderpeople_bfh_hdri_50mm_5_15_00149_ann_id_135374.png,313.3916770559755,206.59017041903243,77.23178214738286,111.52119574089777
2748,/dataset/AGORA/data/3840x2160/validation_crop/ag_validationset_renderpeople_bfh_hdri_50mm_5_15_00163_ann_id_135479.png,406.66059090450045,397.4940945017694,139.20145866431062,224.0744075568404
2794,/dataset/AGORA/data/3840x2160/validation_crop/ag_validationset_renderpeople_bfh_hdri_50mm_5_15_00170_ann_id_135542.png,461.7342306901595,417.0934355474855,101.65837167677938,127.4932350064246
2812,/dataset/AGORA/data/3840x2160/validation_crop/ag_validationset_renderpeople_bfh_hdri_50mm_5_15_00172_ann_id_135567.png,338.0251855750916,345.0217743998467,55.878163083766495,261.9545152357675
2860,/dataset/AGORA/data/3840x2160/validation_crop/ag_validationset_renderpeople_bfh_hdri_50mm_5_15_00181_ann_id_135635.png,517.5884227714239,468.1179987877762,278.9471320726452,322.1509701833021
2863,/dataset/AGORA/data/3840x2160/validation_crop/ag_validationset_renderpeople_bfh_hdri_50mm_5_15_00181_ann_id_135640.png,141.19868454358107,119.89717902325688,41.733506127262025,67.83013176729966
2892,/dataset/AGORA/data/3840x2160/validation_crop/ag_validationset_renderpeople_bfh_hdri_50mm_5_15_00189_ann_id_135692.png,267.1741241929325,248.7512738291396,59.62965325300517,108.3972432495263
3007,/dataset/AGORA/data/3840x2160/validation_crop/ag_validationset_renderpeople_bfh_hdri_50mm_5_15_00210_ann_id_135858.png,318.837321979002,346.5974705688141,77.48161921457677,178.63145140763345
3073,/dataset/AGORA/data/3840x2160/validation_crop/ag_validationset_renderpeople_bfh_hdri_50mm_5_15_00223_ann_id_135953.png,550.1067949923903,566.9091737854022,318.38619091495093,468.9696175086677
3094,/dataset/AGORA/data/3840x2160/validation_crop/ag_validationset_renderpeople_bfh_hdri_50mm_5_15_00226_ann_id_135981.png,268.8657910306053,215.08966698309789,107.42929633926305,148.39116631992806
3111,/dataset/AGORA/data/3840x2160/validation_crop/ag_validationset_renderpeople_bfh_hdri_50mm_5_15_00230_ann_id_136005.png,171.56678287013764,175.79820153154105,66.43696043460865,91.86744928096944
3156,/dataset/AGORA/data/3840x2160/validation_crop/ag_validationset_renderpeople_bfh_hdri_50mm_5_15_00238_ann_id_136076.png,402.129912413938,393.3753922808032,116.82811620540063,142.40443621583776
3159,/dataset/AGORA/data/3840x2160/validation_crop/ag_validationset_renderpeople_bfh_hdri_50mm_5_15_00238_ann_id_136079.png,304.1079494336958,216.87944887270496,61.14168468010049,90.43715440872138
3183,/dataset/AGORA/data/3840x2160/validation_crop/ag_validationset_renderpeople_bfh_hdri_50mm_5_15_00241_ann_id_136112.png,421.5943199805855,400.9903142887377,82.50875566507018,109.33965864625388
3243,/dataset/AGORA/data/3840x2160/validation_crop/ag_validationset_renderpeople_bfh_hdri_50mm_5_15_00257_ann_id_136204.png,193.35281337047016,177.4650797185039,54.16049753174656,79.73242350139522
3294,/dataset/AGORA/data/3840x2160/validation_crop/ag_validationset_renderpeople_bfh_archviz_5_10_cam02_00129_ann_id_136259.png,234.91390656835705,252.25278320567585,30.566426939098527,59.15875896765325
3307,/dataset/AGORA/data/3840x2160/validation_crop/ag_validationset_renderpeople_bfh_archviz_5_10_cam02_00131_ann_id_136273.png,235.43046387626907,229.0357690081736,41.92186476496174,72.49265737374736
3309,/dataset/AGORA/data/3840x2160/validation_crop/ag_validationset_renderpeople_bfh_archviz_5_10_cam02_00131_ann_id_136275.png,235.95486278732417,237.75096314101543,49.74041206645282,78.13679854744252
3327,/dataset/AGORA/data/3840x2160/validation_crop/ag_validationset_renderpeople_bfh_archviz_5_10_cam02_00133_ann_id_136294.png,441.2132786870772,401.90379231813023,88.78161278093808,123.09211906886225
3343,/dataset/AGORA/data/3840x2160/validation_crop/ag_validationset_renderpeople_bfh_archviz_5_10_cam02_00135_ann_id_136314.png,394.97080387682513,349.5874552688744,120.85716338757182,164.4080881689965
3347,/dataset/AGORA/data/3840x2160/validation_crop/ag_validationset_renderpeople_bfh_archviz_5_10_cam02_00136_ann_id_136319.png,156.18939253464106,142.99494518980703,59.81486815095975,92.68186496733976
3348,/dataset/AGORA/data/3840x2160/validation_crop/ag_validationset_renderpeople_bfh_archviz_5_10_cam02_00136_ann_id_136320.png,178.60441894778688,204.4380713799707,46.25893944979161,72.53213865704531
3363,/dataset/AGORA/data/3840x2160/validation_crop/ag_validationset_renderpeople_bfh_archviz_5_10_cam02_00139_ann_id_136335.png,237.99186580902048,201.55604048761893,79.2483733780224,109.27525793130738
3379,/dataset/AGORA/data/3840x2160/validation_crop/ag_validationset_renderpeople_bfh_archviz_5_10_cam02_00141_ann_id_136353.png,216.53200270157888,173.17779802945603,64.59823821138075,90.67610643853054
3383,/dataset/AGORA/data/3840x2160/validation_crop/ag_validationset_renderpeople_bfh_archviz_5_10_cam02_00141_ann_id_136358.png,402.79008986698494,436.7984844351417,126.04022068510383,183.96279858469995
3407,/dataset/AGORA/data/3840x2160/validation_crop/ag_validationset_renderpeople_bfh_archviz_5_10_cam02_00145_ann_id_136384.png,285.4075300079537,347.53678456057924,39.578679046899616,86.53848306701087
3468,/dataset/AGORA/data/3840x2160/validation_crop/ag_validationset_renderpeople_bfh_archviz_5_10_cam02_00154_ann_id_136452.png,404.0984475504176,427.2648929134357,133.0091827794373,250.6193523662241
3476,/dataset/AGORA/data/3840x2160/validation_crop/ag_validationset_renderpeople_bfh_archviz_5_10_cam02_00155_ann_id_136460.png,197.73657563236264,229.1143288038977,74.46955712634434,123.49306073216852
3522,/dataset/AGORA/data/3840x2160/validation_crop/ag_validationset_renderpeople_bfh_archviz_5_10_cam02_00161_ann_id_136511.png,277.6415774609511,288.09605423857374,33.49776718473446,64.4144964155901
3529,/dataset/AGORA/data/3840x2160/validation_crop/ag_validationset_renderpeople_bfh_archviz_5_10_cam02_00162_ann_id_136518.png,274.5726178902072,271.45229336514,49.477308687037294,113.18605075658998
3532,/dataset/AGORA/data/3840x2160/validation_crop/ag_validationset_renderpeople_bfh_archviz_5_10_cam02_00162_ann_id_136521.png,259.9975144708287,255.3792300996337,60.12515686199569,106.2386813580884
3533,/dataset/AGORA/data/3840x2160/validation_crop/ag_validationset_renderpeople_bfh_archviz_5_10_cam02_00162_ann_id_136522.png,464.3048170122927,236.1654936552957,71.62174425225672,106.018156764613
3550,/dataset/AGORA/data/3840x2160/validation_crop/ag_validationset_renderpeople_bfh_archviz_5_10_cam02_00166_ann_id_136542.png,283.14799609485254,280.45540872496264,54.52094859841932,85.93326857341744
3604,/dataset/AGORA/data/3840x2160/validation_crop/ag_validationset_renderpeople_bfh_archviz_5_10_cam02_00173_ann_id_136603.png,290.8221302940992,304.7972952505121,127.40577394600612,184.8027092838485
3611,/dataset/AGORA/data/3840x2160/validation_crop/ag_validationset_renderpeople_bfh_archviz_5_10_cam02_00174_ann_id_136610.png,425.6723733192154,429.13686587844046,53.323741971369024,110.81176090384976
3639,/dataset/AGORA/data/3840x2160/validation_crop/ag_validationset_renderpeople_bfh_archviz_5_10_cam02_00178_ann_id_136641.png,462.8487809648069,422.2154565948082,130.88237025418368,168.34061260981477
3647,/dataset/AGORA/data/3840x2160/validation_crop/ag_validationset_renderpeople_bfh_archviz_5_10_cam02_00179_ann_id_136649.png,244.06992070416544,248.79070699143483,40.84791575386794,68.47258504458881
3663,/dataset/AGORA/data/3840x2160/validation_crop/ag_validationset_renderpeople_bfh_archviz_5_10_cam02_00181_ann_id_136667.png,373.57385658458907,333.5907397361451,78.90808392760765,110.61383286350048
3674,/dataset/AGORA/data/3840x2160/validation_crop/ag_validationset_renderpeople_bfh_archviz_5_10_cam02_00183_ann_id_136679.png,176.49246994155712,183.71939543408905,48.24163036723602,74.47772999897879
3700,/dataset/AGORA/data/3840x2160/validation_crop/ag_validationset_renderpeople_bfh_archviz_5_10_cam02_00187_ann_id_136712.png,266.9003847374149,221.4618365012643,49.73091809514167,75.29617356458994
3708,/dataset/AGORA/data/3840x2160/validation_crop/ag_validationset_renderpeople_bfh_archviz_5_10_cam02_00188_ann_id_136720.png,336.8600385194712,306.0605044598434,66.11018298195192,95.30122028202508
3750,/dataset/AGORA/data/3840x2160/validation_crop/ag_validationset_renderpeople_bfh_archviz_5_10_cam02_00195_ann_id_136767.png,513.9025165171358,504.3965380204984,224.50106376270315,260.7034933945265
3797,/dataset/AGORA/data/3840x2160/validation_crop/ag_validationset_renderpeople_bfh_archviz_5_10_cam02_00201_ann_id_136818.png,239.1230418013913,231.6331253152804,41.6300919631296,72.03073827872652
3823,/dataset/AGORA/data/3840x2160/validation_crop/ag_validationset_renderpeople_bfh_archviz_5_10_cam02_00205_ann_id_136846.png,409.72205076110754,308.3816626797474,106.03243754823664,200.37557521456864
3826,/dataset/AGORA/data/3840x2160/validation_crop/ag_validationset_renderpeople_bfh_archviz_5_10_cam02_00205_ann_id_136849.png,348.1946702938616,351.3611622932459,112.46506765306314,147.83385485785044
3829,/dataset/AGORA/data/3840x2160/validation_crop/ag_validationset_renderpeople_bfh_archviz_5_10_cam02_00205_ann_id_136852.png,169.06529792828957,174.99489682675264,47.037672855624216,77.63955132917067
3838,/dataset/AGORA/data/3840x2160/validation_crop/ag_validationset_renderpeople_bfh_archviz_5_10_cam02_00206_ann_id_136862.png,204.15242924218012,234.790449957018,48.233989879864986,106.51815947591842
3840,/dataset/AGORA/data/3840x2160/validation_crop/ag_validationset_renderpeople_bfh_archviz_5_10_cam02_00207_ann_id_136864.png,236.67775912635528,215.0784753952503,60.31125744346168,134.3232773572408
3869,/dataset/AGORA/data/3840x2160/validation_crop/ag_validationset_renderpeople_bfh_archviz_5_10_cam02_00212_ann_id_136896.png,179.48372156569894,219.53781216279688,85.81441452343573,114.0226544947718
3895,/dataset/AGORA/data/3840x2160/validation_crop/ag_validationset_renderpeople_bfh_archviz_5_10_cam02_00215_ann_id_136924.png,211.9707582243761,209.33167364871773,37.82194794196416,64.20941483235242
3906,/dataset/AGORA/data/3840x2160/validation_crop/ag_validationset_renderpeople_bfh_archviz_5_10_cam02_00217_ann_id_136936.png,264.6666228358815,251.38820526279235,41.72306151266194,68.90088986628751
3924,/dataset/AGORA/data/3840x2160/validation_crop/ag_validationset_renderpeople_bfh_archviz_5_10_cam02_00219_ann_id_136955.png,225.1678897912589,203.4448253272897,54.19981577353835,82.86741210340384
3927,/dataset/AGORA/data/3840x2160/validation_crop/ag_validationset_renderpeople_bfh_archviz_5_10_cam02_00219_ann_id_136958.png,459.2746465122065,382.94499044447633,105.93031205695596,146.90190773407124
3935,/dataset/AGORA/data/3840x2160/validation_crop/ag_validationset_renderpeople_bfh_archviz_5_10_cam02_00221_ann_id_136967.png,317.81523095206313,300.0310669495212,39.61502192812944,68.80704046349264
3938,/dataset/AGORA/data/3840x2160/validation_crop/ag_validationset_renderpeople_bfh_archviz_5_10_cam02_00221_ann_id_136970.png,432.4553810056668,418.6901898646856,107.85728493695346,139.11246024880407
3951,/dataset/AGORA/data/3840x2160/validation_crop/ag_validationset_renderpeople_bfh_archviz_5_10_cam02_00223_ann_id_136985.png,267.75821728721814,243.8847603779409,49.38297560099415,83.07966593853507
3963,/dataset/AGORA/data/3840x2160/validation_crop/ag_validationset_renderpeople_bfh_archviz_5_10_cam02_00224_ann_id_136998.png,397.38714002389605,366.63699112501104,63.12059725293087,117.7237332239982
3971,/dataset/AGORA/data/3840x2160/validation_crop/ag_validationset_renderpeople_bfh_archviz_5_10_cam02_00225_ann_id_137006.png,342.33178122316747,340.5355814352177,129.65541276080816,228.8795377819465
3983,/dataset/AGORA/data/3840x2160/validation_crop/ag_validationset_renderpeople_bfh_archviz_5_10_cam02_00226_ann_id_137019.png,305.6167148130989,282.0968708090503,38.64512743746533,67.07857069898834
3999,/dataset/AGORA/data/3840x2160/validation_crop/ag_validationset_renderpeople_bfh_archviz_5_10_cam02_00229_ann_id_137037.png,233.7298368745535,234.45310263927684,43.5203404296493,71.76516492384127
4003,/dataset/AGORA/data/3840x2160/validation_crop/ag_validationset_renderpeople_bfh_archviz_5_10_cam02_00229_ann_id_137041.png,393.05027789440265,350.0439324297523,50.26929305857463,82.10156407509665
4052,/dataset/AGORA/data/3840x2160/validation_crop/ag_validationset_renderpeople_bfh_archviz_5_10_cam02_00236_ann_id_137095.png,274.07349320134216,258.2036598256596,49.87848143316466,79.0972526070961
4061,/dataset/AGORA/data/3840x2160/validation_crop/ag_validationset_renderpeople_bfh_archviz_5_10_cam02_00238_ann_id_137105.png,238.6601460619863,217.3289943199433,61.64604413222947,93.05169859688635
4072,/dataset/AGORA/data/3840x2160/validation_crop/ag_validationset_renderpeople_bfh_archviz_5_10_cam02_00240_ann_id_137116.png,190.15398721279055,236.58719739800767,71.09018471709237,117.20415826383788
4089,/dataset/AGORA/data/3840x2160/validation_crop/ag_validationset_renderpeople_bfh_archviz_5_10_cam02_00242_ann_id_137134.png,306.571008058948,275.6632137013433,57.762063984833176,89.4314762466093
4102,/dataset/AGORA/data/3840x2160/validation_crop/ag_validationset_renderpeople_bfh_archviz_5_10_cam02_00244_ann_id_137148.png,359.9572209701021,287.1426556129281,101.15930317464492,145.13727127338888
4103,/dataset/AGORA/data/3840x2160/validation_crop/ag_validationset_renderpeople_bfh_archviz_5_10_cam02_00244_ann_id_137149.png,428.3534906512662,367.2640097708741,126.36925648760602,160.2714783962271
4106,/dataset/AGORA/data/3840x2160/validation_crop/ag_validationset_renderpeople_bfh_archviz_5_10_cam02_00245_ann_id_137152.png,342.6322479149124,342.5117302390929,65.54108437902448,95.13452825891645
4122,/dataset/AGORA/data/3840x2160/validation_crop/ag_validationset_renderpeople_bfh_archviz_5_10_cam02_00247_ann_id_137170.png,311.8076627689091,341.211393368797,57.97917518786133,84.76119707657784
4140,/dataset/AGORA/data/3840x2160/validation_crop/ag_validationset_renderpeople_bfh_archviz_5_10_cam02_00251_ann_id_137189.png,321.3751573779355,337.1707882690441,82.04224851320836,115.77308789563588
4162,/dataset/AGORA/data/3840x2160/validation_crop/ag_validationset_renderpeople_bfh_archviz_5_10_cam02_00254_ann_id_137213.png,241.9573948953984,211.35102736571253,23.386157231479395,58.36973006323252
4163,/dataset/AGORA/data/3840x2160/validation_crop/ag_validationset_renderpeople_bfh_archviz_5_10_cam02_00254_ann_id_137215.png,216.93667310247216,223.8260686088045,35.61192332316308,83.02032001345131
4201,/dataset/AGORA/data/3840x2160/validation_crop/ag_validationset_renderpeople_bfh_brushifyforest_5_15_00004_ann_id_137259.png,387.27760361865023,272.62018792439267,152.05450915131232,217.34370637905067
4262,/dataset/AGORA/data/3840x2160/validation_crop/ag_validationset_renderpeople_bfh_brushifyforest_5_15_00013_ann_id_137361.png,250.1172667607792,324.83170148877014,99.4556017967285,127.091315857554
4291,/dataset/AGORA/data/3840x2160/validation_crop/ag_validationset_renderpeople_bfh_brushifyforest_5_15_00020_ann_id_137398.png,243.04132017445636,215.53186911680683,120.45195769495405,151.5627361969156
4302,/dataset/AGORA/data/3840x2160/validation_crop/ag_validationset_renderpeople_bfh_brushifyforest_5_15_00023_ann_id_137418.png,191.22003312840323,238.6206318621984,86.69101752768175,133.71195856679302
4333,/dataset/AGORA/data/3840x2160/validation_crop/ag_validationset_renderpeople_bfh_brushifyforest_5_15_00027_ann_id_137461.png,297.64168406223496,269.5243716648548,70.01618307857215,95.95929550871642
4361,/dataset/AGORA/data/3840x2160/validation_crop/ag_validationset_renderpeople_bfh_brushifyforest_5_15_00033_ann_id_137509.png,281.4510592773511,280.46571825438383,93.68969940057217,132.50215745953344
4391,/dataset/AGORA/data/3840x2160/validation_crop/ag_validationset_renderpeople_bfh_brushifyforest_5_15_00038_ann_id_137544.png,196.54191102254345,173.51619798949903,53.51129956929434,87.12176994349714
4427,/dataset/AGORA/data/3840x2160/validation_crop/ag_validationset_renderpeople_bfh_brushifyforest_5_15_00044_ann_id_137597.png,526.9515274477376,486.0806183875256,100.64125494412208,167.8226830902622
4433,/dataset/AGORA/data/3840x2160/validation_crop/ag_validationset_renderpeople_bfh_brushifyforest_5_15_00045_ann_id_137605.png,199.89186592032104,233.3604689265724,106.22523598391167,141.44129455409438
4437,/dataset/AGORA/data/3840x2160/validation_crop/ag_validationset_renderpeople_bfh_brushifyforest_5_15_00045_ann_id_137609.png,363.97340959767615,393.0965680497173,87.28630689710033,124.50970382635508
4440,/dataset/AGORA/data/3840x2160/validation_crop/ag_validationset_renderpeople_bfh_brushifyforest_5_15_00045_ann_id_137615.png,358.9851293550688,302.5146518654217,136.1370879600845,182.0012093589453
4459,/dataset/AGORA/data/3840x2160/validation_crop/ag_validationset_renderpeople_bfh_brushifyforest_5_15_00048_ann_id_137641.png,271.81224568072867,302.6858086317302,119.08267416616032,183.6641556369678
4488,/dataset/AGORA/data/3840x2160/validation_crop/ag_validationset_renderpeople_bfh_brushifyforest_5_15_00053_ann_id_137681.png,508.35297852943694,318.09325805589134,122.91691001632518,175.97920117237007
4491,/dataset/AGORA/data/3840x2160/validation_crop/ag_validationset_renderpeople_bfh_brushifyforest_5_15_00053_ann_id_137684.png,392.1791909347434,446.2943389174947,111.13368101318414,138.7873815626425
4561,/dataset/AGORA/data/3840x2160/validation_crop/ag_validationset_renderpeople_bfh_brushifyforest_5_15_00074_ann_id_137810.png,254.57793659120475,212.31179423871168,60.20731533428471,126.08450895205073
4593,/dataset/AGORA/data/3840x2160/validation_crop/ag_validationset_renderpeople_bfh_brushifyforest_5_15_00079_ann_id_137846.png,215.36864298442407,185.971687987154,60.97623852020592,99.7522554342974
4624,/dataset/AGORA/data/3840x2160/validation_crop/ag_validationset_renderpeople_bfh_brushifyforest_5_15_00088_ann_id_137881.png,312.9098199280754,264.2793020101944,73.33607556378428,103.30835437201743
4653,/dataset/AGORA/data/3840x2160/validation_crop/ag_validationset_renderpeople_bfh_brushifyforest_5_15_00092_ann_id_137917.png,518.6020419369083,617.4504622443527,112.8198396445818,258.77950198841705
4659,/dataset/AGORA/data/3840x2160/validation_crop/ag_validationset_renderpeople_bfh_brushifyforest_5_15_00092_ann_id_137924.png,332.70916505186324,315.82605113707154,82.87068717693586,249.95245412960023
4663,/dataset/AGORA/data/3840x2160/validation_crop/ag_validationset_renderpeople_bfh_brushifyforest_5_15_00093_ann_id_137934.png,149.59726328857593,135.4834438433381,45.30061410024269,77.51483730429828
4676,/dataset/AGORA/data/3840x2160/validation_crop/ag_validationset_renderpeople_bfh_brushifyforest_5_15_00096_ann_id_137951.png,332.9505035962329,271.2203892842955,80.08644673301824,146.82826746297408
4721,/dataset/AGORA/data/3840x2160/validation_crop/ag_validationset_renderpeople_bfh_brushifyforest_5_15_00104_ann_id_138021.png,236.63363174175836,294.46758241863694,62.84365368714956,101.37277907298274
4726,/dataset/AGORA/data/3840x2160/validation_crop/ag_validationset_renderpeople_bfh_brushifyforest_5_15_00105_ann_id_138035.png,232.37798807836603,328.3068428626469,70.21138222690352,110.34620492996612
4761,/dataset/AGORA/data/3840x2160/validation_crop/ag_validationset_renderpeople_bfh_brushifyforest_5_15_00110_ann_id_138078.png,466.1177015631288,432.1398332803021,277.40192046258625,363.7125745333267
4766,/dataset/AGORA/data/3840x2160/validation_crop/ag_validationset_renderpeople_bfh_brushifyforest_5_15_00115_ann_id_138093.png,448.6409802932416,458.4135049836219,95.74728205021356,133.72382076195814
4937,/dataset/AGORA/data/3840x2160/validation_crop/ag_validationset_renderpeople_bfh_brushifyforest_5_15_00156_ann_id_138333.png,206.27021786374365,205.3998883046985,56.939357759984354,111.15068916194944
4948,/dataset/AGORA/data/3840x2160/validation_crop/ag_validationset_renderpeople_bfh_brushifyforest_5_15_00158_ann_id_138347.png,530.379652514622,349.4527019634342,171.92705165633356,292.71633915127063
4998,/dataset/AGORA/data/3840x2160/validation_crop/ag_validationset_renderpeople_bfh_brushifygrasslands_5_15_00255_ann_id_138404.png,135.53836419479856,115.55458429758762,32.839230882276404,60.358881090723706
5016,/dataset/AGORA/data/3840x2160/validation_crop/ag_validationset_renderpeople_bfh_brushifygrasslands_5_15_00256_ann_id_138426.png,191.22767638893708,228.58753173780093,85.54301497248383,111.5474529768064
5037,/dataset/AGORA/data/3840x2160/validation_crop/ag_validationset_renderpeople_bfh_brushifygrasslands_5_15_00070_ann_id_138457.png,269.82227085293994,240.4640640684144,73.30508107105035,117.9976891675812
5041,/dataset/AGORA/data/3840x2160/validation_crop/ag_validationset_renderpeople_bfh_brushifygrasslands_5_15_00070_ann_id_138461.png,523.6439741410418,490.61151166015577,152.54543155070368,185.1811672913768
5078,/dataset/AGORA/data/3840x2160/validation_crop/ag_validationset_renderpeople_bfh_brushifygrasslands_5_15_00081_ann_id_138503.png,269.479501124379,262.89627460134096,108.2251427849627,184.9272848470837
5115,/dataset/AGORA/data/3840x2160/validation_crop/ag_validationset_renderpeople_bfh_brushifygrasslands_5_15_00085_ann_id_138541.png,212.66122735198937,217.8498740440641,61.28069064053833,94.49863527782196
5116,/dataset/AGORA/data/3840x2160/validation_crop/ag_validationset_renderpeople_bfh_brushifygrasslands_5_15_00085_ann_id_138542.png,242.2077383134853,262.17362598250554,86.6905422451063,127.81362270838213
5161,/dataset/AGORA/data/3840x2160/validation_crop/ag_validationset_renderpeople_bfh_brushifygrasslands_5_15_00091_ann_id_138595.png,151.0722228350483,159.83080617497615,74.25764657234448,100.32034640973671
5210,/dataset/AGORA/data/3840x2160/validation_crop/ag_validationset_renderpeople_bfh_brushifygrasslands_5_15_00100_ann_id_138650.png,188.56937862885567,377.5073634145871,59.49496280025679,116.22304067650558
5211,/dataset/AGORA/data/3840x2160/validation_crop/ag_validationset_renderpeople_bfh_brushifygrasslands_5_15_00100_ann_id_138651.png,184.12698011741256,195.1918130071782,87.87298094152261,113.1205686545084
5722,/dataset/AGORA/data/3840x2160/validation_crop/ag_validationset_renderpeople_bfh_brushifygrasslands_5_15_00180_ann_id_139209.png,137.87150363974354,135.4236507133838,54.19578024287362,80.12093896779305
5729,/dataset/AGORA/data/3840x2160/validation_crop/ag_validationset_renderpeople_bfh_brushifygrasslands_5_15_00183_ann_id_139216.png,518.8972900566193,498.1815954880333,177.5331020793476,264.93550229076175
5770,/dataset/AGORA/data/3840x2160/validation_crop/ag_validationset_renderpeople_bfh_brushifygrasslands_5_15_00192_ann_id_139262.png,169.8699128764842,145.68237001461495,54.14295557451327,86.17054874071808
5867,/dataset/AGORA/data/3840x2160/validation_crop/ag_validationset_renderpeople_bfh_brushifygrasslands_5_15_00211_ann_id_139361.png,230.6825268287894,252.15048622809144,136.53729937529417,179.21100642487482
5909,/dataset/AGORA/data/3840x2160/validation_crop/ag_validationset_renderpeople_bfh_brushifygrasslands_5_15_00216_ann_id_139413.png,154.79877786653034,166.22980981877757,46.21040536586387,73.85520439046049
6008,/dataset/AGORA/data/3840x2160/validation_crop/ag_validationset_renderpeople_bfh_brushifygrasslands_5_15_00233_ann_id_139523.png,244.90569860675168,251.93953799691187,54.290661159330334,80.43924064520824
6083,/dataset/AGORA/data/3840x2160/validation_crop/ag_validationset_renderpeople_bfh_brushifygrasslands_5_15_00244_ann_id_139602.png,392.3515214259546,383.3782835077584,291.0804274560239,328.96266955829043
6107,/dataset/AGORA/data/3840x2160/validation_crop/ag_validationset_renderpeople_bfh_brushifygrasslands_5_15_00247_ann_id_139627.png,435.0623994064263,358.96753868350095,89.78827906810659,151.08307278644315
6131,/dataset/AGORA/data/3840x2160/validation_crop/ag_validationset_renderpeople_bfh_archviz_5_10_cam02_00001_ann_id_139666.png,230.51850376629065,241.90477010061312,55.35205699831005,86.21901935041173
6135,/dataset/AGORA/data/3840x2160/validation_crop/ag_validationset_renderpeople_bfh_archviz_5_10_cam02_00001_ann_id_139671.png,348.79303960605483,278.8826367464481,69.81171129981001,101.96916710774684
6136,/dataset/AGORA/data/3840x2160/validation_crop/ag_validationset_renderpeople_bfh_archviz_5_10_cam02_00001_ann_id_139672.png,206.8167227472733,204.80554535989637,94.61628104210574,122.11870054523494
6138,/dataset/AGORA/data/3840x2160/validation_crop/ag_validationset_renderpeople_bfh_archviz_5_10_cam02_00002_ann_id_139674.png,353.67081436290374,380.087761239099,111.44644633993464,182.04181881986835
6153,/dataset/AGORA/data/3840x2160/validation_crop/ag_validationset_renderpeople_bfh_archviz_5_10_cam02_00004_ann_id_139691.png,150.97232989858816,155.0893576907365,46.34935433837957,79.50646585935291
6163,/dataset/AGORA/data/3840x2160/validation_crop/ag_validationset_renderpeople_bfh_archviz_5_10_cam02_00005_ann_id_139702.png,201.5185479550617,176.05804227534634,63.70393107102581,90.95234532576914
6180,/dataset/AGORA/data/3840x2160/validation_crop/ag_validationset_renderpeople_bfh_archviz_5_10_cam02_00008_ann_id_139721.png,411.0242566966765,424.3786545709041,47.86815868135877,78.55280360925242
6194,/dataset/AGORA/data/3840x2160/validation_crop/ag_validationset_renderpeople_bfh_archviz_5_10_cam02_00010_ann_id_139736.png,301.1418228112948,286.70778363792084,73.56666109619574,111.68951032453596
6231,/dataset/AGORA/data/3840x2160/validation_crop/ag_validationset_renderpeople_bfh_archviz_5_10_cam02_00015_ann_id_139776.png,340.9347447391163,351.8226072713217,62.24035521828898,99.65602282431908
6238,/dataset/AGORA/data/3840x2160/validation_crop/ag_validationset_renderpeople_bfh_archviz_5_10_cam02_00015_ann_id_139783.png,216.58606007424623,210.5297630370912,37.8714644840538,63.83513868365039
6250,/dataset/AGORA/data/3840x2160/validation_crop/ag_validationset_renderpeople_bfh_archviz_5_10_cam02_00017_ann_id_139796.png,263.20104909749347,179.15248024704536,59.217283266578825,94.22344471710046
6258,/dataset/AGORA/data/3840x2160/validation_crop/ag_validationset_renderpeople_bfh_archviz_5_10_cam02_00018_ann_id_139805.png,253.09538625932208,293.2651869138172,131.34545755683448,156.40845252843008
6316,/dataset/AGORA/data/3840x2160/validation_crop/ag_validationset_renderpeople_bfh_archviz_5_10_cam02_00025_ann_id_139869.png,311.1582400900824,313.1771749236593,92.47746415558596,119.63254735056178
6370,/dataset/AGORA/data/3840x2160/validation_crop/ag_validationset_renderpeople_bfh_archviz_5_10_cam02_00033_ann_id_139925.png,383.0267865537626,384.958254807106,50.95171044883964,78.21596974819602
6375,/dataset/AGORA/data/3840x2160/validation_crop/ag_validationset_renderpeople_bfh_archviz_5_10_cam02_00034_ann_id_139931.png,619.6185879878346,621.9617983973483,106.29149796929316,137.01271564988883
6378,/dataset/AGORA/data/3840x2160/validation_crop/ag_validationset_renderpeople_bfh_archviz_5_10_cam02_00034_ann_id_139934.png,160.04879319964337,148.075807781799,44.84521088798091,82.75636661080297
6388,/dataset/AGORA/data/3840x2160/validation_crop/ag_validationset_renderpeople_bfh_archviz_5_10_cam02_00035_ann_id_139944.png,291.8306733295006,269.5084083488768,45.86827849173122,75.5665157595027
6412,/dataset/AGORA/data/3840x2160/validation_crop/ag_validationset_renderpeople_bfh_archviz_5_10_cam02_00038_ann_id_139969.png,259.6266647977947,210.1775064658709,121.44899920842876,153.42939349428286
6466,/dataset/AGORA/data/3840x2160/validation_crop/ag_validationset_renderpeople_bfh_archviz_5_10_cam02_00046_ann_id_140026.png,333.42085700200624,316.72770881883423,114.57147605791552,150.73682608957935
6475,/dataset/AGORA/data/3840x2160/validation_crop/ag_validationset_renderpeople_bfh_archviz_5_10_cam02_00047_ann_id_140035.png,304.60810685285645,304.96345608207264,77.99983057641951,103.45799432772452
6483,/dataset/AGORA/data/3840x2160/validation_crop/ag_validationset_renderpeople_bfh_archviz_5_10_cam02_00048_ann_id_140043.png,264.7650517766951,235.9990511273479,58.57559177555759,85.41140656863003
6547,/dataset/AGORA/data/3840x2160/validation_crop/ag_validationset_renderpeople_bfh_archviz_5_10_cam02_00057_ann_id_140114.png,371.3327502137104,372.0274688973003,154.6460111048516,245.7970233228312
6553,/dataset/AGORA/data/3840x2160/validation_crop/ag_validationset_renderpeople_bfh_archviz_5_10_cam02_00058_ann_id_140120.png,274.9648800915378,228.87363839831383,39.781086022458936,73.07788269446831
6600,/dataset/AGORA/data/3840x2160/validation_crop/ag_validationset_renderpeople_bfh_archviz_5_10_cam02_00065_ann_id_140173.png,242.0318428925613,269.67400628646857,38.47704326487064,66.87891283515327
6611,/dataset/AGORA/data/3840x2160/validation_crop/ag_validationset_renderpeople_bfh_archviz_5_10_cam02_00066_ann_id_140184.png,186.2141863009958,157.55498526232952,73.93898225616833,104.99361011275056
6616,/dataset/AGORA/data/3840x2160/validation_crop/ag_validationset_renderpeople_bfh_archviz_5_10_cam02_00067_ann_id_140189.png,154.22544684208714,221.58259362238792,69.58965961155519,98.18678363021748
6642,/dataset/AGORA/data/3840x2160/validation_crop/ag_validationset_renderpeople_bfh_archviz_5_10_cam02_00071_ann_id_140219.png,396.198699109909,430.5487606348825,74.85263397373285,111.3732188460966
6670,/dataset/AGORA/data/3840x2160/validation_crop/ag_validationset_renderpeople_bfh_archviz_5_10_cam02_00075_ann_id_140248.png,188.1112903361008,213.9723175638298,60.00412655365268,90.1231472220418
6682,/dataset/AGORA/data/3840x2160/validation_crop/ag_validationset_renderpeople_bfh_archviz_5_10_cam02_00077_ann_id_140261.png,328.2414762526365,321.3672028170821,76.37217245928244,112.1271989732372
6703,/dataset/AGORA/data/3840x2160/validation_crop/ag_validationset_renderpeople_bfh_archviz_5_10_cam02_00080_ann_id_140285.png,374.7270390097222,363.4882567927459,48.57105555068669,79.64966391609403
6740,/dataset/AGORA/data/3840x2160/validation_crop/ag_validationset_renderpeople_bfh_archviz_5_10_cam02_00085_ann_id_140324.png,410.0314636513775,359.78500987357336,125.27434406658936,153.69602064441133
6793,/dataset/AGORA/data/3840x2160/validation_crop/ag_validationset_renderpeople_bfh_archviz_5_10_cam02_00092_ann_id_140379.png,257.957916004398,275.8902265440218,52.65023572144593,90.77059272132396
6807,/dataset/AGORA/data/3840x2160/validation_crop/ag_validationset_renderpeople_bfh_archviz_5_10_cam02_00094_ann_id_140395.png,266.6011506113445,262.31174255919257,48.17112717577487,73.67022419558329
6822,/dataset/AGORA/data/3840x2160/validation_crop/ag_validationset_renderpeople_bfh_archviz_5_10_cam02_00097_ann_id_140410.png,383.37497246692055,384.30411162339726,125.40349937965549,279.5703443246526
6825,/dataset/AGORA/data/3840x2160/validation_crop/ag_validationset_renderpeople_bfh_archviz_5_10_cam02_00097_ann_id_140413.png,145.8000640443247,223.2946773351574,44.16887451760623,78.30994307748738
6837,/dataset/AGORA/data/3840x2160/validation_crop/ag_validationset_renderpeople_bfh_archviz_5_10_cam02_00099_ann_id_140426.png,490.3467366874509,374.2535824494149,95.15761563581832,143.24680887396545
6855,/dataset/AGORA/data/3840x2160/validation_crop/ag_validationset_renderpeople_bfh_archviz_5_10_cam02_00101_ann_id_140446.png,228.0082405801801,221.3362774325814,43.35482013186176,71.68777433806225
6882,/dataset/AGORA/data/3840x2160/validation_crop/ag_validationset_renderpeople_bfh_archviz_5_10_cam02_00105_ann_id_140474.png,251.8882259985332,290.84628842624824,74.25917228397233,101.6256129313337
6933,/dataset/AGORA/data/3840x2160/validation_crop/ag_validationset_renderpeople_bfh_archviz_5_10_cam02_00113_ann_id_140532.png,505.3727563935291,455.98550933740574,99.58740940045058,135.1213074257918
6945,/dataset/AGORA/data/3840x2160/validation_crop/ag_validationset_renderpeople_bfh_archviz_5_10_cam02_00115_ann_id_140545.png,338.90408154577096,308.4173787630428,104.55199352464072,130.62865513217716
6950,/dataset/AGORA/data/3840x2160/validation_crop/ag_validationset_renderpeople_bfh_archviz_5_10_cam02_00116_ann_id_140550.png,371.21237702437537,343.8628877528188,134.98553478356934,183.09994569994976
6952,/dataset/AGORA/data/3840x2160/validation_crop/ag_validationset_renderpeople_bfh_archviz_5_10_cam02_00116_ann_id_140552.png,265.3650667658807,261.7636933375317,54.12232081843898,89.36973836004267
6960,/dataset/AGORA/data/3840x2160/validation_crop/ag_validationset_renderpeople_bfh_archviz_5_10_cam02_00117_ann_id_140561.png,129.45184644842774,119.5565977370162,35.79658925003386,67.99079087828636
6963,/dataset/AGORA/data/3840x2160/validation_crop/ag_validationset_renderpeople_bfh_archviz_5_10_cam02_00117_ann_id_140565.png,383.8457169800025,388.3011377275824,83.4875156712208,122.66780955797353
6979,/dataset/AGORA/data/3840x2160/validation_crop/ag_validationset_renderpeople_bfh_archviz_5_10_cam02_00120_ann_id_140583.png,487.40974995282073,485.68670423121705,273.9159535979508,322.54788510964056
6989,/dataset/AGORA/data/3840x2160/validation_crop/ag_validationset_renderpeople_bfh_archviz_5_10_cam02_00122_ann_id_140594.png,406.813091492533,397.0357798638056,140.1023606758485,189.5532288521464
7018,/dataset/AGORA/data/3840x2160/validation_crop/ag_validationset_renderpeople_bfh_flowers_5_15_00213_ann_id_140638.png,339.4443406915024,309.7764432550819,169.58923726433866,195.42189272194025
7047,/dataset/AGORA/data/3840x2160/validation_crop/ag_validationset_renderpeople_bfh_flowers_5_15_00219_ann_id_140683.png,150.3904257090299,155.91583329163666,41.860963132332834,68.07974342395934
7048,/dataset/AGORA/data/3840x2160/validation_crop/ag_validationset_renderpeople_bfh_flowers_5_15_00219_ann_id_140684.png,397.5574718838205,522.1460131100015,96.16172162993632,278.85897736625617
7054,/dataset/AGORA/data/3840x2160/validation_crop/ag_validationset_renderpeople_bfh_flowers_5_15_00220_ann_id_140693.png,506.1525932673099,401.7292437511949,160.3373135427062,218.46595686621717
7102,/dataset/AGORA/data/3840x2160/validation_crop/ag_validationset_renderpeople_bfh_flowers_5_15_00225_ann_id_140754.png,521.4905694038829,262.12371055349274,104.3334942993721,133.72386600277292
7124,/dataset/AGORA/data/3840x2160/validation_crop/ag_validationset_renderpeople_bfh_flowers_5_15_00228_ann_id_140783.png,456.1551215532429,475.0997808035015,94.38636135991246,397.0657741318362
7132,/dataset/AGORA/data/3840x2160/validation_crop/ag_validationset_renderpeople_bfh_flowers_5_15_00229_ann_id_140796.png,491.5184126085189,270.6908814812269,80.0153226784735,140.6393262880838
7147,/dataset/AGORA/data/3840x2160/validation_crop/ag_validationset_renderpeople_bfh_flowers_5_15_00232_ann_id_140822.png,384.70984644882975,303.0707052095396,92.26458155649534,202.82154249151435
7148,/dataset/AGORA/data/3840x2160/validation_crop/ag_validationset_renderpeople_bfh_flowers_5_15_00232_ann_id_140825.png,591.6738410467339,304.3080196860439,117.55243849258156,181.92474390078544
7150,/dataset/AGORA/data/3840x2160/validation_crop/ag_validationset_renderpeople_bfh_flowers_5_15_00232_ann_id_140829.png,572.3438611920925,300.4362976399098,130.54045708236296,171.8353347795475
7178,/dataset/AGORA/data/3840x2160/validation_crop/ag_validationset_renderpeople_bfh_flowers_5_15_00237_ann_id_140867.png,312.67837007949976,409.36547636664926,169.6139162284965,220.45829602316175
7253,/dataset/AGORA/data/3840x2160/validation_crop/ag_validationset_renderpeople_bfh_flowers_5_15_00250_ann_id_140991.png,358.8283337254508,343.4853344344654,95.29481741062968,127.75985939460352
7255,/dataset/AGORA/data/3840x2160/validation_crop/ag_validationset_renderpeople_bfh_flowers_5_15_00250_ann_id_140993.png,320.780484327471,267.11470090750305,131.9417631470222,199.9172193063364
7271,/dataset/AGORA/data/3840x2160/validation_crop/ag_validationset_renderpeople_bfh_flowers_5_15_00253_ann_id_141014.png,176.06282150972268,138.69160514555438,35.916688033978176,63.2195067279168
7275,/dataset/AGORA/data/3840x2160/validation_crop/ag_validationset_renderpeople_bfh_flowers_5_15_00255_ann_id_141032.png,454.5554531914301,344.6206505178822,174.47853041094456,215.85907491057768
7283,/dataset/AGORA/data/3840x2160/validation_crop/ag_validationset_renderpeople_bfh_flowers_5_15_00256_ann_id_141043.png,363.72674709182417,594.8853946593217,171.15896820252885,226.50828356438845
7311,/dataset/AGORA/data/3840x2160/validation_crop/ag_validationset_renderpeople_bfh_hdri_50mm_5_15_00003_ann_id_141081.png,340.6487148925879,308.9025692892035,100.50722730552704,164.45594603571163
7386,/dataset/AGORA/data/3840x2160/validation_crop/ag_validationset_renderpeople_bfh_hdri_50mm_5_15_00020_ann_id_141186.png,211.20687606092844,172.74002571527066,75.22958544096258,108.822498883706
7489,/dataset/AGORA/data/3840x2160/validation_crop/ag_validationset_renderpeople_bfh_hdri_50mm_5_15_00042_ann_id_141337.png,372.74545523362485,362.6569517841441,109.05841773475156,155.4909275288995
7498,/dataset/AGORA/data/3840x2160/validation_crop/ag_validationset_renderpeople_bfh_hdri_50mm_5_15_00043_ann_id_141352.png,147.73727908270263,146.41586155379002,53.0783432010685,79.80424473844262
7510,/dataset/AGORA/data/3840x2160/validation_crop/ag_validationset_renderpeople_bfh_hdri_50mm_5_15_00047_ann_id_141374.png,231.9484279883392,219.97456312113408,84.80152383675374,117.25238602299348
7617,/dataset/AGORA/data/3840x2160/validation_crop/ag_validationset_renderpeople_bfh_hdri_50mm_5_15_00063_ann_id_141525.png,191.97795991342264,180.9940260757328,67.3585002215654,95.8080156231986
7630,/dataset/AGORA/data/3840x2160/validation_crop/ag_validationset_renderpeople_bfh_hdri_50mm_5_15_00067_ann_id_141548.png,323.0646656200132,310.8119637753508,126.05153760970012,252.91118774107815
7646,/dataset/AGORA/data/3840x2160/validation_crop/ag_validationset_renderpeople_bfh_hdri_50mm_5_15_00070_ann_id_141569.png,141.97781885958705,140.55818322042623,50.25521955924293,80.62862382211149
7647,/dataset/AGORA/data/3840x2160/validation_crop/ag_validationset_renderpeople_bfh_hdri_50mm_5_15_00070_ann_id_141570.png,227.7903579062462,217.40610031382664,68.87597554952157,140.3864557829782
7733,/dataset/AGORA/data/3840x2160/validation_crop/ag_validationset_renderpeople_bfh_hdri_50mm_5_15_00085_ann_id_141690.png,240.01414354756693,205.6454349442054,46.023331035193735,72.5653127898957
7744,/dataset/AGORA/data/3840x2160/validation_crop/ag_validationset_renderpeople_bfh_hdri_50mm_5_15_00087_ann_id_141708.png,216.46314902209204,219.0076201696133,59.38704047038489,162.153199395843
7765,/dataset/AGORA/data/3840x2160/validation_crop/ag_validationset_renderpeople_bfh_hdri_50mm_5_15_00090_ann_id_141740.png,300.18083590070654,325.20195771979775,155.79022601011252,233.1849237536873
7776,/dataset/AGORA/data/3840x2160/validation_crop/ag_validationset_renderpeople_bfh_hdri_50mm_5_15_00091_ann_id_141754.png,388.52628172452296,378.4622625885439,104.9162071644182,132.59845509828614
