index_[thr: 130],img_path,H4W_pve,OSX_pve,l32_pve,H20_pve
9,/dataset/ARCTIC/s05/box_grab_01/3/00012.jpg,303.22837829589844,248.645544052124,49.169160425662994,52.35828831791878
13,/dataset/ARCTIC/s05/box_grab_01/3/00017.jpg,301.69954895973206,211.5459740161896,57.68301710486412,59.59018692374229
17,/dataset/ARCTIC/s05/box_grab_01/3/00022.jpg,252.68495082855225,195.26194036006927,40.36162793636322,37.01983392238617
21,/dataset/ARCTIC/s05/box_grab_01/3/00027.jpg,240.6511902809143,204.55439388751984,38.68687152862549,39.39555957913399
57,/dataset/ARCTIC/s05/box_grab_01/3/00072.jpg,237.06431686878204,163.23018074035645,33.07731822133064,32.88926184177399
61,/dataset/ARCTIC/s05/box_grab_01/3/00077.jpg,217.40271151065824,178.26248705387115,33.63768756389618,36.2786240875721
65,/dataset/ARCTIC/s05/box_grab_01/3/00082.jpg,186.75072491168976,178.33814024925232,33.33347663283348,38.17348554730415
81,/dataset/ARCTIC/s05/box_grab_01/3/00102.jpg,197.41278886795044,179.31976914405823,31.967509537935257,34.40946340560913
125,/dataset/ARCTIC/s05/box_grab_01/3/00157.jpg,277.50611305236816,370.1260089874268,68.90739500522614,65.44864922761917
129,/dataset/ARCTIC/s05/box_grab_01/3/00162.jpg,271.0580825805664,373.4041154384613,65.16768038272858,65.39668142795563
133,/dataset/ARCTIC/s05/box_grab_01/3/00167.jpg,289.9158000946045,212.86000311374664,54.17474731802941,54.79588732123375
173,/dataset/ARCTIC/s05/box_grab_01/3/00217.jpg,202.4112492799759,174.6424287557602,39.526909589767456,35.76791658997536
177,/dataset/ARCTIC/s05/box_grab_01/3/00222.jpg,207.1225643157959,173.70161414146423,37.33086213469505,36.51998192071915
213,/dataset/ARCTIC/s05/box_grab_01/3/00267.jpg,330.8045566082001,336.1823558807373,104.67557609081268,106.51452094316484
217,/dataset/ARCTIC/s05/box_grab_01/3/00272.jpg,327.0800709724426,326.40308141708374,103.3378392457962,103.395514190197
219,/dataset/ARCTIC/s05/box_grab_01/7/00274.jpg,263.209730386734,233.711376786232,82.50465989112854,78.51649820804596
221,/dataset/ARCTIC/s05/box_grab_01/3/00277.jpg,250.84397196769717,295.7654893398285,94.5773422718048,94.78603303432465
223,/dataset/ARCTIC/s05/box_grab_01/7/00279.jpg,325.6192207336426,223.41923415660855,72.0992237329483,68.96958500146866
277,/dataset/ARCTIC/s05/box_grab_01/3/00347.jpg,227.6993691921234,208.8651806116104,49.83337223529816,50.597548484802246
413,/dataset/ARCTIC/s05/box_grab_01/3/00517.jpg,256.0366094112396,190.8167004585266,53.972650319337845,54.5625165104866
425,/dataset/ARCTIC/s05/box_grab_01/3/00532.jpg,290.4376685619354,182.38160014152527,40.03129526972771,40.338873863220215
429,/dataset/ARCTIC/s05/box_grab_01/3/00537.jpg,270.77436447143555,224.44307804107663,36.48797050118446,39.65139016509056
433,/dataset/ARCTIC/s05/box_grab_01/3/00542.jpg,279.90370988845825,173.387348651886,33.63179415464401,36.80330142378807
437,/dataset/ARCTIC/s05/box_grab_01/3/00547.jpg,283.2009792327881,165.39327800273895,34.87477824091911,32.33329951763153
441,/dataset/ARCTIC/s05/box_grab_01/3/00552.jpg,244.0880388021469,182.6084405183792,36.77381575107575,40.35605117678642
445,/dataset/ARCTIC/s05/box_grab_01/3/00557.jpg,246.2717741727829,194.44173574447632,40.6428761780262,44.0310426056385
469,/dataset/ARCTIC/s05/box_grab_01/3/00587.jpg,248.5998570919037,235.30201613903048,72.90550321340561,74.63638484477997
471,/dataset/ARCTIC/s05/box_grab_01/7/00589.jpg,273.970365524292,206.5408229827881,62.15253844857216,64.00306522846222
475,/dataset/ARCTIC/s05/box_grab_01/7/00594.jpg,276.2499749660492,220.3853130340576,62.956154346466064,64.42808359861374
479,/dataset/ARCTIC/s05/box_grab_01/7/00599.jpg,260.6642544269562,212.96276152133944,64.67683613300323,65.2189627289772
515,/dataset/ARCTIC/s05/box_grab_01/7/00644.jpg,261.3089680671692,230.7984083890915,30.135469511151317,34.9271185696125
518,/dataset/ARCTIC/s05/box_grab_01/5/00648.jpg,174.00048673152924,180.7988286018372,45.42669653892517,43.50916296243668
523,/dataset/ARCTIC/s05/box_grab_01/7/00654.jpg,255.97232580184937,220.16192972660065,34.96146202087402,38.882821798324585
542,/dataset/ARCTIC/s05/box_use_01/5/00001.jpg,253.67462635040283,266.0149335861206,59.88994613289833,61.98643520474434
549,/dataset/ARCTIC/s05/box_use_01/3/00010.jpg,359.64521765708923,270.9064185619354,66.82686507701874,63.68066370487213
561,/dataset/ARCTIC/s05/box_use_01/3/00025.jpg,293.9998507499695,233.4865629673004,37.38226369023323,36.68394312262535
565,/dataset/ARCTIC/s05/box_use_01/3/00030.jpg,220.1777845621109,191.59379601478577,40.27550667524338,40.73525220155716
581,/dataset/ARCTIC/s05/box_use_01/3/00050.jpg,242.6110804080963,222.5708514451981,49.02047663927078,51.0806180536747
597,/dataset/ARCTIC/s05/box_use_01/3/00070.jpg,259.63494181633,185.1303577423096,45.82350701093674,48.11295121908188
665,/dataset/ARCTIC/s05/box_use_01/3/00155.jpg,224.89731013774872,192.38418340682983,63.98247182369232,60.17178297042847
669,/dataset/ARCTIC/s05/box_use_01/3/00160.jpg,225.7995456457138,220.94114124774933,70.9562748670578,70.12653350830078
677,/dataset/ARCTIC/s05/box_use_01/3/00170.jpg,278.84092926979065,204.64780926704407,75.42512565851212,73.24843108654022
727,/dataset/ARCTIC/s05/box_use_01/7/00232.jpg,176.82524025440216,178.13600599765778,49.95735362172127,46.3341511785984
781,/dataset/ARCTIC/s05/box_use_01/3/00300.jpg,255.70473074913025,293.7433421611786,37.75906190276146,34.916628152132034
785,/dataset/ARCTIC/s05/box_use_01/3/00305.jpg,385.7606649398804,187.00669705867767,52.22469940781593,50.355974584817886
789,/dataset/ARCTIC/s05/box_use_01/3/00310.jpg,398.4511494636536,203.7682682275772,57.448551058769226,54.24048379063606
793,/dataset/ARCTIC/s05/box_use_01/3/00315.jpg,356.5036356449127,221.99489176273343,62.50356882810593,61.39440834522247
797,/dataset/ARCTIC/s05/box_use_01/3/00320.jpg,353.3017635345459,238.446056842804,57.96365067362785,54.0589801967144
805,/dataset/ARCTIC/s05/box_use_01/3/00330.jpg,280.89484572410583,216.98981523513797,63.845932483673096,62.35003098845482
809,/dataset/ARCTIC/s05/box_use_01/3/00335.jpg,282.26399421691895,208.66797864437103,66.28475338220596,63.25563043355942
833,/dataset/ARCTIC/s05/box_use_01/3/00365.jpg,301.10540986061096,236.12919449806213,67.47294962406158,70.59852033853531
861,/dataset/ARCTIC/s05/box_use_01/3/00400.jpg,308.0185353755951,237.8610223531723,75.85134357213974,76.79175585508347
865,/dataset/ARCTIC/s05/box_use_01/3/00405.jpg,309.303879737854,243.72191727161407,82.03663676977158,79.35471832752228
895,/dataset/ARCTIC/s05/box_use_01/7/00442.jpg,288.78772258758545,189.37546014785767,50.797950476408005,50.374239683151245
903,/dataset/ARCTIC/s05/box_use_01/7/00452.jpg,277.2274613380432,188.8738721609116,44.06911507248879,45.05058005452156
907,/dataset/ARCTIC/s05/box_use_01/7/00457.jpg,301.062673330307,215.4396325349808,42.52534732222557,41.7720340192318
911,/dataset/ARCTIC/s05/box_use_01/7/00462.jpg,288.50018978118896,207.92414247989652,42.34312474727631,41.535671800374985
915,/dataset/ARCTIC/s05/box_use_01/7/00467.jpg,288.56271505355835,189.6204948425293,41.5879525244236,41.54016450047493
983,/dataset/ARCTIC/s05/box_use_01/7/00552.jpg,303.8006126880646,194.43953037261963,53.29595506191254,54.01007831096649
1029,/dataset/ARCTIC/s05/box_use_01/3/00610.jpg,261.74265146255493,210.67047119140625,57.9226128757,55.85967749357224
1033,/dataset/ARCTIC/s05/box_use_01/3/00615.jpg,328.7036716938019,274.97705817222595,56.59616738557816,54.41853776574135
1037,/dataset/ARCTIC/s05/box_use_01/3/00620.jpg,303.8891553878784,289.95370864868164,48.5692135989666,46.91215232014656
1041,/dataset/ARCTIC/s05/box_use_01/3/00625.jpg,298.8831400871277,268.18302273750305,50.86882412433624,49.20614510774613
1045,/dataset/ARCTIC/s05/box_use_01/3/00630.jpg,257.88411498069763,225.73880851268768,40.60504212975502,42.66422986984253
1049,/dataset/ARCTIC/s05/box_use_01/3/00635.jpg,243.4745579957962,164.42981362342834,33.81861001253128,31.49149939417839
1061,/dataset/ARCTIC/s05/box_use_01/3/00650.jpg,277.16371417045593,216.4034992456436,37.68926486372948,36.0955111682415
1065,/dataset/ARCTIC/s05/box_use_01/3/00655.jpg,283.1547260284424,212.4958485364914,42.76412725448608,40.01288861036301
1067,/dataset/ARCTIC/s05/box_use_01/7/00657.jpg,270.1229155063629,169.8279231786728,30.35823442041874,33.52488577365875
1069,/dataset/ARCTIC/s05/box_use_01/3/00660.jpg,274.5906412601471,223.1694757938385,39.32099416851997,39.46361318230629
1073,/dataset/ARCTIC/s05/box_use_01/3/00665.jpg,279.8579931259155,239.2335534095764,37.06562519073486,39.17425870895386
1077,/dataset/ARCTIC/s05/box_use_01/3/00670.jpg,281.60879015922546,362.1574938297272,39.665985852479935,40.7634861767292
1087,/dataset/ARCTIC/s05/box_use_01/7/00682.jpg,185.26145815849304,176.72929167747498,45.81573233008385,41.99830442667008
1089,/dataset/ARCTIC/s05/box_use_01/3/00685.jpg,263.17572593688965,253.5815536975861,57.07782879471779,55.359795689582825
1091,/dataset/ARCTIC/s05/box_use_01/7/00687.jpg,212.19339966773987,191.66234135627747,46.54631391167641,46.394381672143936
1102,/dataset/ARCTIC/s05/box_use_01/5/00701.jpg,176.57287418842316,180.3270131349564,43.83835569024086,42.69750416278839
1106,/dataset/ARCTIC/s05/box_use_01/5/00706.jpg,176.04675889015198,176.9687831401825,44.18649151921272,43.18845272064209
1110,/dataset/ARCTIC/s05/box_use_01/5/00711.jpg,173.71396720409393,173.05193841457367,42.59355366230011,42.04598814249039
1130,/dataset/ARCTIC/s05/box_use_01/5/00736.jpg,183.9955300092697,176.22710764408112,44.13164779543877,42.52095893025398
1133,/dataset/ARCTIC/s05/box_use_02/3/00004.jpg,288.61820697784424,258.7408721446991,45.66203057765961,42.89432615041733
1135,/dataset/ARCTIC/s05/box_use_02/7/00006.jpg,208.75898003578183,176.49956047534943,41.82880371809006,44.13856938481331
1141,/dataset/ARCTIC/s05/box_use_02/3/00014.jpg,294.303834438324,218.33708882331848,41.08176380395889,38.01089897751808
1145,/dataset/ARCTIC/s05/box_use_02/3/00019.jpg,262.17424869537354,249.52639639377597,43.64829882979393,40.46247527003288
1149,/dataset/ARCTIC/s05/box_use_02/3/00024.jpg,212.7105295658112,196.7063546180725,45.6586629152298,43.05766522884369
1181,/dataset/ARCTIC/s05/box_use_02/3/00064.jpg,218.34038197994232,194.44704055786133,56.900158524513245,55.96329644322395
1269,/dataset/ARCTIC/s05/box_use_02/3/00174.jpg,434.1440796852112,281.0209989547729,54.89024147391319,55.532533675432205
1341,/dataset/ARCTIC/s05/box_use_02/3/00264.jpg,376.0894238948822,192.6123648881912,45.88452726602554,47.62524366378784
1345,/dataset/ARCTIC/s05/box_use_02/3/00269.jpg,300.6560802459717,189.0181750059128,45.57504877448082,46.622809022665024
1353,/dataset/ARCTIC/s05/box_use_02/3/00279.jpg,342.74566173553467,215.9450501203537,46.23804241418839,50.398003309965134
1371,/dataset/ARCTIC/s05/box_use_02/7/00301.jpg,245.11732161045077,261.1231207847595,41.94766655564308,39.22612965106964
1375,/dataset/ARCTIC/s05/box_use_02/7/00306.jpg,293.9530611038208,231.377586722374,44.30026561021805,41.00681468844414
1379,/dataset/ARCTIC/s05/box_use_02/7/00311.jpg,266.94434881210327,194.201335310936,49.541931599378586,45.62360793352127
1383,/dataset/ARCTIC/s05/box_use_02/7/00316.jpg,260.59651374816895,174.87674951553345,45.83778232336044,43.41711476445198
1485,/dataset/ARCTIC/s05/box_use_02/3/00444.jpg,257.8341066837311,164.58088159561157,36.55632212758064,33.28841179609299
1541,/dataset/ARCTIC/s05/box_use_02/3/00514.jpg,281.5268933773041,187.2856467962265,47.93212190270424,47.92394116520882
1553,/dataset/ARCTIC/s05/box_use_02/3/00529.jpg,274.38074350357056,187.73727118968964,54.69129979610443,50.91593414545059
1569,/dataset/ARCTIC/s05/box_use_02/3/00549.jpg,242.30161309242249,178.8916140794754,53.05957794189453,48.801444470882416
1573,/dataset/ARCTIC/s05/box_use_02/3/00554.jpg,248.71237576007843,193.87148320674896,53.72584238648415,53.84670570492744
1577,/dataset/ARCTIC/s05/box_use_02/3/00559.jpg,243.6142861843109,187.19038367271423,50.43182149529457,52.04436182975769
1615,/dataset/ARCTIC/s05/box_use_02/7/00606.jpg,191.48047268390656,180.69857358932492,52.330903708934784,49.04639348387718
1619,/dataset/ARCTIC/s05/box_use_02/7/00611.jpg,208.3674669265747,199.70351457595825,46.37469723820686,46.72922194004059
1659,/dataset/ARCTIC/s05/capsulemachine_grab_01/7/00009.jpg,222.1281081438065,189.5321160554886,43.70228573679924,47.98482730984688
1663,/dataset/ARCTIC/s05/capsulemachine_grab_01/7/00014.jpg,207.35272765159607,189.3068701028824,46.42612859606743,47.166984528303146
1701,/dataset/ARCTIC/s05/capsulemachine_grab_01/3/00062.jpg,229.47996854782104,216.69049561023712,78.64632457494736,74.4115486741066
2217,/dataset/ARCTIC/s05/capsulemachine_grab_01/3/00707.jpg,196.70578837394717,205.58027923107147,59.817977249622345,57.857029139995575
2219,/dataset/ARCTIC/s05/capsulemachine_grab_01/7/00709.jpg,195.46517729759216,182.38943815231323,46.41861468553543,50.663478672504425
2223,/dataset/ARCTIC/s05/capsulemachine_grab_01/7/00714.jpg,195.45935094356537,211.6565704345703,43.38014125823975,47.621048986911774
2227,/dataset/ARCTIC/s05/capsulemachine_grab_01/7/00719.jpg,210.89886128902435,227.60802507400516,42.087048292160034,43.13923418521881
2229,/dataset/ARCTIC/s05/capsulemachine_grab_01/3/00722.jpg,258.73902440071106,249.1296678781509,47.819118946790695,50.82031711935997
2231,/dataset/ARCTIC/s05/capsulemachine_grab_01/7/00724.jpg,213.3582979440689,224.93577003479004,42.82881319522858,47.793302685022354
2235,/dataset/ARCTIC/s05/capsulemachine_grab_01/7/00729.jpg,216.58743917942047,228.2341867685318,50.1013845205307,47.08847030997276
2237,/dataset/ARCTIC/s05/capsulemachine_grab_01/3/00732.jpg,247.08786606788635,245.28121948242188,46.51859402656555,49.86300691962242
2239,/dataset/ARCTIC/s05/capsulemachine_grab_01/7/00734.jpg,213.5106772184372,232.87127912044525,48.46498370170593,47.34914004802704
2241,/dataset/ARCTIC/s05/capsulemachine_grab_01/3/00737.jpg,241.75725877285004,248.5321909189224,50.11790990829468,53.63667011260986
2243,/dataset/ARCTIC/s05/capsulemachine_grab_01/7/00739.jpg,219.4193005561829,232.8530251979828,47.27158695459366,49.75729808211327
2247,/dataset/ARCTIC/s05/capsulemachine_grab_01/7/00744.jpg,226.4096736907959,233.46355557441711,52.700381726026535,53.5777322947979
2255,/dataset/ARCTIC/s05/capsulemachine_use_01/7/00006.jpg,227.2288948297501,219.42928433418277,42.10806265473366,46.110231429338455
2259,/dataset/ARCTIC/s05/capsulemachine_use_01/7/00011.jpg,239.962637424469,212.86392211914065,38.52738812565804,34.87960249185562
2263,/dataset/ARCTIC/s05/capsulemachine_use_01/7/00016.jpg,257.04655051231384,184.36607718467712,50.17825216054917,53.496845066547394
2589,/dataset/ARCTIC/s05/capsulemachine_use_01/3/00424.jpg,170.66195607185364,180.87711930274963,40.94555974006653,39.800986647605896
2601,/dataset/ARCTIC/s05/capsulemachine_use_01/3/00439.jpg,203.2866328954697,169.5435345172882,38.14525529742241,37.16711327433586
2605,/dataset/ARCTIC/s05/capsulemachine_use_01/3/00444.jpg,216.88726544380188,167.4496978521347,38.87354210019112,34.94248539209366
2657,/dataset/ARCTIC/s05/capsulemachine_use_01/3/00509.jpg,244.2389279603958,190.37404656410217,52.51433327794075,54.47841435670853
2661,/dataset/ARCTIC/s05/capsulemachine_use_01/3/00514.jpg,258.65232944488525,219.49806809425357,53.70791256427765,51.01502314209938
2665,/dataset/ARCTIC/s05/capsulemachine_use_01/3/00519.jpg,255.6990087032318,209.01677012443545,47.31649160385132,47.96687513589859
2705,/dataset/ARCTIC/s05/capsulemachine_use_01/3/00569.jpg,307.70906805992126,185.98821759223935,52.84639820456505,55.41864410042763
2737,/dataset/ARCTIC/s05/capsulemachine_use_01/3/00609.jpg,189.80827927589417,170.48969864845276,37.718143314123154,34.64273735880852
2741,/dataset/ARCTIC/s05/capsulemachine_use_01/3/00614.jpg,194.1165328025818,167.97621548175812,39.18822854757309,34.24610570073128
2773,/dataset/ARCTIC/s05/capsulemachine_use_01/3/00654.jpg,253.56224179267883,241.63295328617096,47.06535488367081,47.33763635158539
2775,/dataset/ARCTIC/s05/capsulemachine_use_01/7/00656.jpg,214.07563984394076,218.96347403526303,47.5199930369854,49.64222759008408
2779,/dataset/ARCTIC/s05/capsulemachine_use_01/7/00661.jpg,239.71852660179135,223.2237011194229,50.02069845795632,51.02679505944252
2783,/dataset/ARCTIC/s05/capsulemachine_use_01/7/00666.jpg,244.77648735046387,220.78344225883484,47.78764769434929,51.07761174440384
2795,/dataset/ARCTIC/s05/capsulemachine_use_01/7/00681.jpg,233.98122191429135,231.0739159584045,44.16720196604729,48.36488887667656
2803,/dataset/ARCTIC/s05/capsulemachine_use_01/7/00691.jpg,217.5198793411255,206.43728971481323,50.3932349383831,51.01500824093819
3217,/dataset/ARCTIC/s05/capsulemachine_use_02/3/00518.jpg,274.7770845890045,174.18614029884338,40.0858111679554,40.8627912402153
3373,/dataset/ARCTIC/s05/capsulemachine_use_02/3/00713.jpg,181.2122613191605,194.95132565498352,41.400570422410965,41.32567718625069
3381,/dataset/ARCTIC/s05/capsulemachine_use_02/3/00723.jpg,185.59399247169492,192.65161454677585,38.87326642870903,39.13030028343201
3385,/dataset/ARCTIC/s05/capsulemachine_use_02/3/00728.jpg,192.58932769298556,191.2008672952652,37.5005379319191,37.43040934205055
3409,/dataset/ARCTIC/s05/capsulemachine_use_02/3/00758.jpg,228.3070534467697,227.8773933649063,52.528515458107,56.89628049731255
3411,/dataset/ARCTIC/s05/capsulemachine_use_02/7/00760.jpg,212.8013372421265,197.8733241558075,43.2608462870121,45.30993103981018
3415,/dataset/ARCTIC/s05/capsulemachine_use_02/7/00765.jpg,242.61422455310824,216.59955382347107,38.177549839019775,42.00823232531548
3419,/dataset/ARCTIC/s05/capsulemachine_use_02/7/00770.jpg,236.37378215789795,224.9092012643814,37.91611641645432,39.57754001021385
3423,/dataset/ARCTIC/s05/capsulemachine_use_02/7/00775.jpg,246.74391746521,220.43947875499725,37.03068941831589,41.79028049111366
3427,/dataset/ARCTIC/s05/capsulemachine_use_02/7/00780.jpg,242.13026463985443,224.55164790153503,35.93752905726433,40.3597392141819
3431,/dataset/ARCTIC/s05/capsulemachine_use_02/7/00785.jpg,247.7297782897949,217.26886928081512,35.68412736058235,39.74512219429016
3435,/dataset/ARCTIC/s05/capsulemachine_use_02/7/00790.jpg,230.08181154727936,216.2238210439682,38.330741226673126,41.63091629743576
3447,/dataset/ARCTIC/s05/espressomachine_grab_01/7/00006.jpg,201.90665125846863,204.15528118610385,54.4908344745636,51.42684280872345
3455,/dataset/ARCTIC/s05/espressomachine_grab_01/7/00016.jpg,230.56229948997495,194.61874663829803,52.89965122938156,48.57565090060234
3797,/dataset/ARCTIC/s05/espressomachine_grab_01/3/00444.jpg,306.3441812992096,209.32267606258392,56.229159235954285,54.674167186021805
3801,/dataset/ARCTIC/s05/espressomachine_grab_01/3/00449.jpg,282.5480103492737,203.8142830133438,50.86949095129967,50.19380897283554
3805,/dataset/ARCTIC/s05/espressomachine_grab_01/3/00454.jpg,285.1819694042206,225.08232295513156,46.010930091142654,46.93109169602394
3809,/dataset/ARCTIC/s05/espressomachine_grab_01/3/00459.jpg,255.8198869228363,219.00521218776703,48.5454685986042,44.35459896922112
3897,/dataset/ARCTIC/s05/espressomachine_grab_01/3/00569.jpg,230.4466962814331,197.85846769809723,53.85233089327812,55.86342886090279
3905,/dataset/ARCTIC/s05/espressomachine_grab_01/3/00579.jpg,221.7997908592224,202.04560458660129,53.16880717873573,56.29026144742966
4073,/dataset/ARCTIC/s05/espressomachine_grab_01/3/00789.jpg,267.3984169960022,177.8147667646408,49.11290854215622,44.73881050944328
4113,/dataset/ARCTIC/s05/espressomachine_grab_01/3/00839.jpg,218.87734532356265,246.27289175987244,45.43814808130264,47.0414012670517
4115,/dataset/ARCTIC/s05/espressomachine_grab_01/7/00841.jpg,218.8801467418671,193.741038441658,46.04104533791542,46.72153294086456
4117,/dataset/ARCTIC/s05/espressomachine_grab_01/3/00844.jpg,218.49027276039124,234.5505654811859,40.67916423082352,41.94865003228188
4121,/dataset/ARCTIC/s05/espressomachine_grab_01/3/00849.jpg,231.8132370710373,244.3566173315048,46.1774468421936,45.04512250423432
4122,/dataset/ARCTIC/s05/espressomachine_grab_01/5/00850.jpg,186.3054186105728,181.15349113941195,43.61116513609886,45.33488675951958
4123,/dataset/ARCTIC/s05/espressomachine_grab_01/7/00851.jpg,224.0597307682037,209.36498045921329,45.80061882734299,48.79426956176758
4126,/dataset/ARCTIC/s05/espressomachine_grab_01/5/00855.jpg,179.41366136074066,180.6152909994125,43.44509169459343,45.36253586411476
4127,/dataset/ARCTIC/s05/espressomachine_grab_01/7/00856.jpg,220.5953299999237,205.2958756685257,45.48274353146553,47.38939180970192
4130,/dataset/ARCTIC/s05/espressomachine_grab_01/5/00860.jpg,182.83993005752563,181.6646307706833,44.62802037596703,44.237587600946426
4131,/dataset/ARCTIC/s05/espressomachine_grab_01/7/00861.jpg,223.5337793827057,215.82648158073425,46.75460234284401,49.36441406607628
4135,/dataset/ARCTIC/s05/espressomachine_grab_01/7/00866.jpg,208.0593854188919,218.99481117725367,48.059191554784775,50.42647197842598
4139,/dataset/ARCTIC/s05/espressomachine_grab_01/7/00871.jpg,218.94104778766632,214.77441489696503,48.59897494316101,50.491813570261
4143,/dataset/ARCTIC/s05/espressomachine_grab_01/7/00876.jpg,214.2641544342041,216.8712168931961,47.326985746622086,48.211149871349335
4147,/dataset/ARCTIC/s05/espressomachine_grab_01/7/00881.jpg,217.19615161418915,212.59978413581848,51.1360801756382,48.876356333494186
4151,/dataset/ARCTIC/s05/espressomachine_grab_01/7/00886.jpg,214.68789875507355,209.47103202342987,51.13717541098595,47.59493097662926
4157,/dataset/ARCTIC/s05/espressomachine_use_01/3/00004.jpg,258.67247581481934,231.10848665237427,50.07946491241455,51.049817353487015
4159,/dataset/ARCTIC/s05/espressomachine_use_01/7/00006.jpg,217.5772339105606,192.60920584201813,45.50788179039955,42.636796832084656
4161,/dataset/ARCTIC/s05/espressomachine_use_01/3/00009.jpg,257.84942507743835,232.5865179300308,49.29423704743385,51.48159712553024
4163,/dataset/ARCTIC/s05/espressomachine_use_01/7/00011.jpg,219.34281289577484,189.21750783920288,40.28159379959106,39.83508422970772
4653,/dataset/ARCTIC/s05/espressomachine_use_01/3/00624.jpg,240.22677540779117,221.18595242500305,50.510283559560776,49.86739903688431
4657,/dataset/ARCTIC/s05/espressomachine_use_01/3/00629.jpg,259.00137424468994,229.61781919002533,47.358933836221695,48.5849529504776
4659,/dataset/ARCTIC/s05/espressomachine_use_01/7/00631.jpg,207.83911645412445,203.56014370918277,48.74001815915108,49.02349412441254
4661,/dataset/ARCTIC/s05/espressomachine_use_01/3/00634.jpg,248.17940592765808,245.8251118659973,41.20850935578346,45.68314924836159
4663,/dataset/ARCTIC/s05/espressomachine_use_01/7/00636.jpg,216.65622293949127,198.9123970270157,50.486959517002106,53.33228781819344
4667,/dataset/ARCTIC/s05/espressomachine_use_01/7/00641.jpg,218.41615438461304,191.69414043426517,49.92080852389336,53.93150448799133
4671,/dataset/ARCTIC/s05/espressomachine_use_01/7/00646.jpg,208.4513157606125,187.58706748485565,49.682214856147766,54.14113029837608
4673,/dataset/ARCTIC/s05/espressomachine_use_01/3/00649.jpg,265.20639657974243,244.30067837238312,46.88723757863045,51.11603811383248
4675,/dataset/ARCTIC/s05/espressomachine_use_01/7/00651.jpg,201.3261616230011,187.74063885211945,51.98700353503227,55.84561079740524
4677,/dataset/ARCTIC/s05/espressomachine_use_01/3/00654.jpg,249.3189424276352,241.51663482189176,45.231156051158905,47.702573239803314
4681,/dataset/ARCTIC/s05/espressomachine_use_01/3/00659.jpg,245.0012564659119,238.11669647693637,43.9293310046196,44.93866115808487
4685,/dataset/ARCTIC/s05/espressomachine_use_01/3/00664.jpg,248.33108484745023,241.069957613945,43.22582483291626,43.9392626285553
4693,/dataset/ARCTIC/s05/espressomachine_use_02/3/00006.jpg,249.7917711734772,228.59235107898712,47.03984037041664,50.05590617656708
4697,/dataset/ARCTIC/s05/espressomachine_use_02/3/00011.jpg,241.374209523201,225.4141867160797,47.3201721906662,47.33134061098099
4699,/dataset/ARCTIC/s05/espressomachine_use_02/7/00013.jpg,202.60412991046903,180.22789061069489,44.32428628206253,48.1422133743763
5165,/dataset/ARCTIC/s05/espressomachine_use_02/3/00596.jpg,279.306024312973,208.1955522298813,53.01808938384056,57.828545570373535
5197,/dataset/ARCTIC/s05/espressomachine_use_02/3/00636.jpg,262.3281180858612,207.1223855018616,36.925408989191055,39.86745327711105
5221,/dataset/ARCTIC/s05/espressomachine_use_02/3/00666.jpg,197.47771322727203,185.8568638563156,55.490653961896896,53.09960618615151
5225,/dataset/ARCTIC/s05/espressomachine_use_02/3/00671.jpg,227.1623015403748,216.76519513130188,47.74825647473335,49.84694346785545
5227,/dataset/ARCTIC/s05/espressomachine_use_02/7/00673.jpg,188.00979852676392,184.2060089111328,48.91233146190643,53.35097759962082
5229,/dataset/ARCTIC/s05/espressomachine_use_02/3/00676.jpg,248.5379129648209,223.9581942558289,49.557920545339584,52.96587571501732
5231,/dataset/ARCTIC/s05/espressomachine_use_02/7/00678.jpg,198.6003518104553,180.7415187358856,48.527318984270096,49.1422675549984
5235,/dataset/ARCTIC/s05/espressomachine_use_02/7/00683.jpg,202.6337832212448,178.91666293144226,48.16875606775284,48.449043184518814
5243,/dataset/ARCTIC/s05/espressomachine_use_02/7/00693.jpg,191.3730204105377,182.10287392139435,51.82761698961258,50.72927474975586
5247,/dataset/ARCTIC/s05/espressomachine_use_02/7/00698.jpg,190.3528720140457,185.4960024356842,51.69590935111046,52.71891504526138
5251,/dataset/ARCTIC/s05/espressomachine_use_02/7/00703.jpg,211.6796225309372,184.47245657444,51.744911819696426,52.53110826015472
5255,/dataset/ARCTIC/s05/espressomachine_use_02/7/00708.jpg,213.36109936237332,187.15070188045505,56.312013417482376,53.037792444229126
5267,/dataset/ARCTIC/s05/ketchup_grab_01/7/00011.jpg,261.8858218193054,191.7772591114044,44.242460280656815,44.91318017244339
5273,/dataset/ARCTIC/s05/ketchup_grab_01/3/00019.jpg,342.7271544933319,249.1916716098785,71.72329723834991,72.31573760509491
5277,/dataset/ARCTIC/s05/ketchup_grab_01/3/00024.jpg,278.9049446582794,183.0996423959732,45.687124133110046,45.16255855560303
5373,/dataset/ARCTIC/s05/ketchup_grab_01/3/00144.jpg,216.1218523979187,182.3223978281021,46.93242162466049,50.6572462618351
5601,/dataset/ARCTIC/s05/ketchup_grab_01/3/00429.jpg,197.338804602623,180.90376257896423,41.61863774061203,42.94067621231079
5605,/dataset/ARCTIC/s05/ketchup_grab_01/3/00434.jpg,237.35134303569797,181.37148022651672,46.00337892770767,46.16686701774597
5713,/dataset/ARCTIC/s05/ketchup_grab_01/3/00569.jpg,290.849506855011,197.02942669391632,49.577053636312485,44.71620172262192
5741,/dataset/ARCTIC/s05/ketchup_grab_01/3/00604.jpg,224.16022419929504,183.86058509349823,47.67194762825966,46.48976400494576
5765,/dataset/ARCTIC/s05/ketchup_grab_01/3/00634.jpg,193.66785883903503,189.0178769826889,55.19663915038109,56.89653009176254
5801,/dataset/ARCTIC/s05/ketchup_grab_01/3/00679.jpg,262.85842061042786,175.48513412475586,35.61345115303993,32.17848390340805
5805,/dataset/ARCTIC/s05/ketchup_grab_01/3/00684.jpg,246.2015450000763,207.72835612297055,34.47559475898743,38.51902112364769
5841,/dataset/ARCTIC/s05/ketchup_grab_01/3/00729.jpg,257.10615515708923,226.20713710784912,57.927269488573074,54.04826998710632
5843,/dataset/ARCTIC/s05/ketchup_grab_01/7/00731.jpg,217.80596673488617,188.3431375026703,50.26914179325104,47.00218141078949
5847,/dataset/ARCTIC/s05/ketchup_grab_01/7/00736.jpg,251.1206865310669,215.7968133687973,45.21677643060684,45.5007404088974
5851,/dataset/ARCTIC/s05/ketchup_grab_01/7/00741.jpg,261.47574186325073,229.6445518732071,42.49445721507072,44.186145067214966
5859,/dataset/ARCTIC/s05/ketchup_grab_01/7/00751.jpg,262.2622549533844,237.2853457927704,52.492424845695496,52.52160131931305
5863,/dataset/ARCTIC/s05/ketchup_grab_01/7/00756.jpg,263.66177201271057,237.3291552066803,52.43393778800965,55.01612275838852
5867,/dataset/ARCTIC/s05/ketchup_grab_01/7/00761.jpg,262.0541751384735,225.82806646823883,53.774263709783554,58.53677541017532
5875,/dataset/ARCTIC/s05/ketchup_use_01/7/00003.jpg,233.98572206497192,210.89349687099457,43.86872053146362,44.78441178798676
5879,/dataset/ARCTIC/s05/ketchup_use_01/7/00008.jpg,234.9437326192856,207.93752372264865,40.190231055021286,42.81202331185341
5883,/dataset/ARCTIC/s05/ketchup_use_01/7/00013.jpg,231.75720870494845,220.61723470687863,44.098466634750366,41.6923463344574
5885,/dataset/ARCTIC/s05/ketchup_use_01/3/00016.jpg,241.33828282356265,275.2755284309387,60.79205125570297,57.24206194281578
5921,/dataset/ARCTIC/s05/ketchup_use_01/3/00061.jpg,196.18193805217743,210.77600121498108,51.71699449419975,50.95327273011208
5925,/dataset/ARCTIC/s05/ketchup_use_01/3/00066.jpg,309.03515219688416,212.6334309577942,58.02224949002266,53.66861075162888
5929,/dataset/ARCTIC/s05/ketchup_use_01/3/00071.jpg,259.9056661128998,205.8979719877243,49.37636852264404,53.4626841545105
5933,/dataset/ARCTIC/s05/ketchup_use_01/3/00076.jpg,288.05893659591675,209.2243731021881,47.563306987285614,52.08783969283104
5997,/dataset/ARCTIC/s05/ketchup_use_01/3/00156.jpg,275.31614899635315,187.08233535289764,44.003698974847794,42.02272370457649
6073,/dataset/ARCTIC/s05/ketchup_use_01/3/00251.jpg,299.14823174476624,193.78064572811127,32.12720900774002,32.77842700481415
6077,/dataset/ARCTIC/s05/ketchup_use_01/3/00256.jpg,321.3050961494446,182.7751100063324,37.87759691476822,42.07377508282661
6113,/dataset/ARCTIC/s05/ketchup_use_01/3/00301.jpg,301.4807105064392,186.5018308162689,46.16069793701172,50.49367621541023
6149,/dataset/ARCTIC/s05/ketchup_use_01/3/00346.jpg,333.7239921092987,238.6355847120285,46.816591173410416,49.46598038077354
6153,/dataset/ARCTIC/s05/ketchup_use_01/3/00351.jpg,291.16377234458923,266.70148968696594,58.990318328142166,54.146621376276016
6169,/dataset/ARCTIC/s05/ketchup_use_01/3/00371.jpg,279.55684065818787,202.85193622112277,47.64647781848908,49.31100457906723
6173,/dataset/ARCTIC/s05/ketchup_use_01/3/00376.jpg,277.9432237148285,180.30306696891785,50.57733878493309,48.43560233712196
6225,/dataset/ARCTIC/s05/ketchup_use_01/3/00441.jpg,212.33288943767548,179.6817034482956,42.39628463983536,41.16259887814522
6289,/dataset/ARCTIC/s05/ketchup_use_01/3/00521.jpg,245.3724890947342,167.18444228172302,36.096952855587006,32.62364864349365
6293,/dataset/ARCTIC/s05/ketchup_use_01/3/00526.jpg,218.89592707157132,171.45578563213348,35.18516197800636,32.83943608403206
6463,/dataset/ARCTIC/s05/ketchup_use_01/7/00738.jpg,184.92163717746732,186.9998276233673,48.34609106183052,51.9784651696682
6465,/dataset/ARCTIC/s05/ketchup_use_01/3/00741.jpg,230.8465838432312,242.70598590373996,58.42296779155731,54.216984659433365
6497,/dataset/ARCTIC/s05/laptop_grab_01/3/00004.jpg,248.6274093389511,272.13308215141296,44.25609856843949,46.375203877687454
6501,/dataset/ARCTIC/s05/laptop_grab_01/3/00009.jpg,250.0719130039215,260.9896957874298,48.45616593956947,48.2197180390358
6503,/dataset/ARCTIC/s05/laptop_grab_01/7/00011.jpg,215.9286737442017,197.9750394821167,41.76150262355805,43.69160905480385
6509,/dataset/ARCTIC/s05/laptop_grab_01/3/00019.jpg,299.7332513332367,204.634502530098,61.57618016004562,66.54789298772812
6625,/dataset/ARCTIC/s05/laptop_grab_01/3/00164.jpg,206.04044198989868,202.1669000387192,44.90181803703308,41.86258837580681
6793,/dataset/ARCTIC/s05/laptop_grab_01/3/00374.jpg,239.32184278965,184.65283513069156,37.886958569288254,40.430597960948944
6821,/dataset/ARCTIC/s05/laptop_grab_01/3/00409.jpg,201.50549709796903,189.29722905159,40.47313705086708,37.59483993053436
6909,/dataset/ARCTIC/s05/laptop_grab_01/3/00519.jpg,200.8848786354065,183.69191884994507,45.071471482515335,45.687444508075714
6913,/dataset/ARCTIC/s05/laptop_grab_01/3/00524.jpg,232.26912319660187,251.95157527923584,45.04276439547539,45.87079957127571
6917,/dataset/ARCTIC/s05/laptop_grab_01/3/00529.jpg,201.60281658172607,248.05684387683868,43.83817315101624,38.927655667066574
6961,/dataset/ARCTIC/s05/laptop_grab_01/3/00584.jpg,302.70299315452576,210.79054474830627,79.5787051320076,80.77634125947952
7009,/dataset/ARCTIC/s05/laptop_grab_01/3/00644.jpg,222.1544086933136,207.57833123207087,45.86432874202728,49.349356442689896
7013,/dataset/ARCTIC/s05/laptop_grab_01/3/00649.jpg,237.52135038375852,218.4697836637497,51.75189673900604,51.90164968371391
7017,/dataset/ARCTIC/s05/laptop_grab_01/3/00654.jpg,243.2637065649033,215.70321917533877,57.18699470162392,58.26949328184128
7021,/dataset/ARCTIC/s05/laptop_grab_01/3/00659.jpg,288.0351841449737,242.4225807189941,62.18920648097992,65.68211317062378
7025,/dataset/ARCTIC/s05/laptop_grab_01/3/00664.jpg,340.2862548828125,229.42008078098297,61.798274517059326,65.65132737159729
7057,/dataset/ARCTIC/s05/laptop_grab_01/3/00704.jpg,250.4790425300598,249.4150847196579,45.94103619456291,47.577500343322754
7065,/dataset/ARCTIC/s05/laptop_grab_01/3/00714.jpg,256.1642825603485,231.20881617069244,46.33909836411476,47.52572625875473
7073,/dataset/ARCTIC/s05/laptop_grab_01/3/00724.jpg,264.9110555648804,301.11274123191833,63.80501389503479,60.89192256331444
7077,/dataset/ARCTIC/s05/laptop_grab_01/3/00729.jpg,244.33980882167816,255.08293509483337,69.09247487783432,67.85266101360321
7081,/dataset/ARCTIC/s05/laptop_grab_01/3/00734.jpg,250.00175833702087,211.80671453475952,66.86677038669586,70.64580917358398
7085,/dataset/ARCTIC/s05/laptop_grab_01/3/00739.jpg,275.9385108947754,218.02745759487152,79.00036126375198,78.8683295249939
7093,/dataset/ARCTIC/s05/laptop_grab_01/3/00749.jpg,231.51864111423487,212.43280172348025,76.66248828172684,75.50979405641556
7097,/dataset/ARCTIC/s05/laptop_grab_01/3/00754.jpg,214.93977308273315,226.7201989889145,79.28531616926193,76.40335708856583
7135,/dataset/ARCTIC/s05/laptop_grab_01/7/00801.jpg,263.4638547897339,227.6303619146347,44.18133199214935,44.310782104730606
7139,/dataset/ARCTIC/s05/laptop_grab_01/7/00806.jpg,274.72639083862305,236.05428636074063,36.7310605943203,38.80612179636955
7158,/dataset/ARCTIC/s05/laptop_grab_01/5/00830.jpg,179.3360710144043,179.6789914369583,45.58064416050911,45.64570263028145
7181,/dataset/ARCTIC/s05/laptop_use_01/3/00029.jpg,231.42316937446597,174.1413027048111,40.128082036972046,38.13385590910912
7213,/dataset/ARCTIC/s05/laptop_use_01/3/00069.jpg,272.0761299133301,189.91348147392276,53.69757860898972,49.85496029257774
7217,/dataset/ARCTIC/s05/laptop_use_01/3/00074.jpg,207.2436511516571,185.3579729795456,45.25201395153999,49.70424622297287
7773,/dataset/ARCTIC/s05/laptop_use_02/3/00003.jpg,245.21321058273315,266.14320278167725,86.50589734315872,82.13012665510178
7775,/dataset/ARCTIC/s05/laptop_use_02/7/00005.jpg,178.61750721931458,188.89790773391724,47.147415578365326,48.46791177988053
7781,/dataset/ARCTIC/s05/laptop_use_02/3/00013.jpg,250.2455711364746,217.21693873405457,77.9605582356453,79.42821830511093
8063,/dataset/ARCTIC/s05/laptop_use_02/7/00365.jpg,224.1821587085724,188.8083815574646,60.019973665475845,58.350272476673126
8127,/dataset/ARCTIC/s05/laptop_use_02/7/00445.jpg,266.08017086982727,193.85626912117004,60.89570373296738,60.270700603723526
8271,/dataset/ARCTIC/s05/laptop_use_02/7/00625.jpg,294.857919216156,211.1641764640808,55.36440387368202,58.83638560771942
8275,/dataset/ARCTIC/s05/laptop_use_02/7/00630.jpg,298.0155050754547,210.36414802074432,55.71518093347549,58.678243309259415
8305,/dataset/ARCTIC/s05/laptop_use_02/3/00668.jpg,248.44157695770264,199.6612548828125,60.92408671975136,56.57477676868439
8321,/dataset/ARCTIC/s05/laptop_use_02/3/00688.jpg,251.83436274528503,242.0622408390045,51.59363895654678,49.84528198838234
8323,/dataset/ARCTIC/s05/laptop_use_02/7/00690.jpg,250.608503818512,219.58500146865845,42.52804443240166,47.52487316727638
8326,/dataset/ARCTIC/s05/laptop_use_02/5/00694.jpg,177.93260514736176,178.23350429534912,41.83661192655563,43.211713433265686
8327,/dataset/ARCTIC/s05/laptop_use_02/7/00695.jpg,265.8119797706604,230.1906943321228,36.69631481170654,39.49248790740967
8331,/dataset/ARCTIC/s05/laptop_use_02/7/00700.jpg,265.1371955871582,218.6134904623032,37.58485987782478,41.98087006807327
8334,/dataset/ARCTIC/s05/laptop_use_02/5/00704.jpg,175.26105046272278,183.07407200336456,44.23084482550621,41.83313995599747
8335,/dataset/ARCTIC/s05/laptop_use_02/7/00705.jpg,274.1855084896088,229.5434921979904,45.97314074635506,43.10736805200577
8339,/dataset/ARCTIC/s05/laptop_use_02/7/00710.jpg,271.9700038433075,241.94365739822388,47.43126034736633,45.17444595694542
8342,/dataset/ARCTIC/s05/laptop_use_02/5/00714.jpg,179.13931608200073,181.9078028202057,43.658338487148285,43.04571449756622
8343,/dataset/ARCTIC/s05/laptop_use_02/7/00715.jpg,270.485520362854,226.0645180940628,47.990188002586365,43.60240697860718
8346,/dataset/ARCTIC/s05/laptop_use_02/5/00719.jpg,180.94618618488312,184.3630522489548,44.12944242358208,41.30681231617928
8347,/dataset/ARCTIC/s05/laptop_use_02/7/00720.jpg,265.0245726108551,220.52724659442904,40.817975997924805,43.80107671022415
8349,/dataset/ARCTIC/s05/microwave_grab_01/3/00003.jpg,242.119163274765,212.17720210552216,53.57712507247925,53.32235246896744
8353,/dataset/ARCTIC/s05/microwave_grab_01/3/00008.jpg,248.07612597942352,214.2912745475769,53.346697241067886,53.31952124834061
8357,/dataset/ARCTIC/s05/microwave_grab_01/3/00013.jpg,227.5982201099396,205.910325050354,55.35310134291649,50.53805187344551
8417,/dataset/ARCTIC/s05/microwave_grab_01/3/00088.jpg,258.5889399051666,175.1938909292221,38.6321060359478,39.13825750350952
8529,/dataset/ARCTIC/s05/microwave_grab_01/3/00228.jpg,224.09680485725403,207.5200378894806,60.34614518284798,64.07373398542404
8701,/dataset/ARCTIC/s05/microwave_grab_01/3/00443.jpg,257.5947642326355,255.9310793876648,113.4445294737816,117.29514598846436
8711,/dataset/ARCTIC/s05/microwave_grab_01/7/00455.jpg,294.0128743648529,224.56620633602145,83.45261216163635,84.92959290742874
8715,/dataset/ARCTIC/s05/microwave_grab_01/7/00460.jpg,289.77230191230774,217.28646755218503,83.1824317574501,80.36155253648758
8719,/dataset/ARCTIC/s05/microwave_grab_01/7/00465.jpg,282.4150323867798,236.77144944667816,81.3499316573143,82.26027339696884
8723,/dataset/ARCTIC/s05/microwave_grab_01/7/00470.jpg,286.1834168434143,229.17211055755612,82.62521773576736,81.10161870718002
8871,/dataset/ARCTIC/s05/microwave_grab_01/7/00655.jpg,210.58717370033264,187.17923760414124,51.85462906956673,56.26433342695236
8875,/dataset/ARCTIC/s05/microwave_grab_01/7/00660.jpg,221.7506319284439,194.0597742795944,46.96428403258324,48.632849007844925
8883,/dataset/ARCTIC/s05/microwave_grab_01/7/00670.jpg,226.45169496536252,208.98905396461487,47.47427627444267,50.85967853665352
8887,/dataset/ARCTIC/s05/microwave_grab_01/7/00675.jpg,215.44493734836576,221.1778163909912,50.32353475689888,51.89893767237663
9337,/dataset/ARCTIC/s05/microwave_use_01/3/00548.jpg,294.13437843322754,241.39827489852905,44.5798896253109,48.37280139327049
9341,/dataset/ARCTIC/s05/microwave_use_01/3/00553.jpg,235.052689909935,213.81372213363647,46.1280532181263,47.11001738905907
9381,/dataset/ARCTIC/s05/microwave_use_01/3/00603.jpg,287.4830663204193,216.86293184757236,75.42489469051361,80.23503422737122
9385,/dataset/ARCTIC/s05/microwave_use_01/3/00608.jpg,286.4280641078949,221.2218940258026,87.51265704631805,83.45163613557816
9389,/dataset/ARCTIC/s05/microwave_use_01/3/00613.jpg,271.95900678634644,221.29341959953308,69.14718449115753,72.74556159973145
9393,/dataset/ARCTIC/s05/microwave_use_01/3/00618.jpg,279.2646884918213,197.86743819713595,66.45467877388,67.19125062227249
9397,/dataset/ARCTIC/s05/microwave_use_01/3/00623.jpg,289.3330156803131,223.40598702430725,65.50873070955276,66.7601078748703
9401,/dataset/ARCTIC/s05/microwave_use_01/3/00628.jpg,322.15768098831177,210.3764116764069,71.92343473434448,72.0997080206871
9445,/dataset/ARCTIC/s05/microwave_use_01/3/00683.jpg,265.889048576355,210.0578546524048,35.793568938970566,37.05594688653946
9449,/dataset/ARCTIC/s05/microwave_use_01/3/00688.jpg,211.36611700057983,197.66683876514435,36.13637760281563,35.33602133393288
9493,/dataset/ARCTIC/s05/microwave_use_01/3/00743.jpg,249.4429349899292,222.7512896060944,46.88418284058571,49.36743155121803
9497,/dataset/ARCTIC/s05/microwave_use_01/3/00748.jpg,264.63472843170166,216.488316655159,48.6038401722908,51.86289921402931
9499,/dataset/ARCTIC/s05/microwave_use_01/7/00750.jpg,198.83041083812716,192.45268404483795,51.1559434235096,51.16690322756767
9501,/dataset/ARCTIC/s05/microwave_use_01/3/00753.jpg,266.49338006973267,223.58793020248413,49.46702346205712,51.83093249797821
9503,/dataset/ARCTIC/s05/microwave_use_01/7/00755.jpg,213.09836208820343,195.5408900976181,52.66256630420685,50.21899938583374
9505,/dataset/ARCTIC/s05/microwave_use_01/3/00758.jpg,261.7979943752289,224.0241765975952,49.07757788896561,51.95001512765885
9507,/dataset/ARCTIC/s05/microwave_use_01/7/00760.jpg,228.76988351345065,195.6786513328552,52.50680446624756,55.39722740650177
9509,/dataset/ARCTIC/s05/microwave_use_01/3/00763.jpg,279.7066867351532,222.00089693069455,44.786084443330765,46.93657532334328
9511,/dataset/ARCTIC/s05/microwave_use_01/7/00765.jpg,247.5636750459671,188.5327398777008,48.54612052440643,52.35696956515312
9513,/dataset/ARCTIC/s05/microwave_use_01/3/00768.jpg,268.5082852840424,220.34555673599243,44.919729232788086,47.694116830825806
9515,/dataset/ARCTIC/s05/microwave_use_01/7/00770.jpg,247.9657232761383,203.32591235637665,50.286028534173965,50.798818469047546
9519,/dataset/ARCTIC/s05/microwave_use_01/7/00775.jpg,266.3719058036804,197.2085684537888,53.7332259118557,51.23115703463554
9525,/dataset/ARCTIC/s05/microwave_use_02/3/00004.jpg,240.849569439888,229.00597751140597,46.6800183057785,48.8571859896183
9527,/dataset/ARCTIC/s05/microwave_use_02/7/00006.jpg,214.280366897583,185.63833832740784,42.56197810173035,46.524062752723694
9749,/dataset/ARCTIC/s05/microwave_use_02/3/00284.jpg,291.67917370796204,210.10170876979828,80.40023595094681,76.89601182937622
9757,/dataset/ARCTIC/s05/microwave_use_02/3/00294.jpg,305.58711290359497,284.911185503006,83.11263471841812,81.94302022457123
9905,/dataset/ARCTIC/s05/microwave_use_02/3/00479.jpg,255.33029437065125,203.45978438854215,56.64052441716194,59.99359488487244
9969,/dataset/ARCTIC/s05/microwave_use_02/3/00559.jpg,273.1524407863617,231.0955226421356,73.00262898206711,76.27541571855545
9973,/dataset/ARCTIC/s05/microwave_use_02/3/00564.jpg,262.15308904647827,225.99820792675015,68.937286734581,64.63095545768738
9977,/dataset/ARCTIC/s05/microwave_use_02/3/00569.jpg,251.47879123687744,236.8861436843872,63.28849494457245,63.27308714389801
9981,/dataset/ARCTIC/s05/microwave_use_02/3/00574.jpg,226.07339918613437,245.34960091114044,60.21025404334068,60.33918634057045
9989,/dataset/ARCTIC/s05/microwave_use_02/3/00584.jpg,232.671931385994,206.8004608154297,55.11602759361267,52.02656984329224
10065,/dataset/ARCTIC/s05/microwave_use_02/3/00679.jpg,262.4274790287018,238.56273293495175,48.44881594181061,50.9735718369484
10075,/dataset/ARCTIC/s05/microwave_use_02/7/00691.jpg,220.36094963550568,201.15765929222107,54.12168800830841,56.11464008688927
10083,/dataset/ARCTIC/s05/microwave_use_02/7/00701.jpg,232.69358277320865,214.1009122133255,52.96566337347031,53.97653952240944
10089,/dataset/ARCTIC/s05/mixer_grab_01/3/00005.jpg,249.2750585079193,255.6513249874115,49.72958192229271,54.13172021508217
10095,/dataset/ARCTIC/s05/mixer_grab_01/7/00012.jpg,212.18691766262052,192.7848160266876,41.58345982432365,43.16573962569237
10101,/dataset/ARCTIC/s05/mixer_grab_01/3/00020.jpg,296.41157388687134,232.3847264051437,89.82011675834656,94.24818307161333
10105,/dataset/ARCTIC/s05/mixer_grab_01/3/00025.jpg,321.41628861427307,185.67338585853577,43.70671138167381,41.53222590684891
10149,/dataset/ARCTIC/s05/mixer_grab_01/3/00080.jpg,259.7007751464844,231.67964816093445,63.711002469062805,67.71748512983322
10173,/dataset/ARCTIC/s05/mixer_grab_01/3/00110.jpg,234.5881015062332,205.8483958244324,54.033681750297546,50.67077651619911
10177,/dataset/ARCTIC/s05/mixer_grab_01/3/00115.jpg,237.4802827835083,205.13807237148285,57.36184120178223,53.902577608823776
10181,/dataset/ARCTIC/s05/mixer_grab_01/3/00120.jpg,224.49298202991488,234.4042807817459,75.89094340801239,73.4301283955574
10185,/dataset/ARCTIC/s05/mixer_grab_01/3/00125.jpg,260.3468894958496,244.17530000209808,88.63108605146408,88.30162137746811
10189,/dataset/ARCTIC/s05/mixer_grab_01/3/00130.jpg,242.89733171463013,259.7444951534271,96.0903912782669,99.88564252853394
10191,/dataset/ARCTIC/s05/mixer_grab_01/7/00132.jpg,274.6393084526062,220.040500164032,64.30543959140778,65.80837815999985
10195,/dataset/ARCTIC/s05/mixer_grab_01/7/00137.jpg,268.2202458381653,205.8251649141312,63.25686722993851,60.627177357673645
10201,/dataset/ARCTIC/s05/mixer_grab_01/3/00145.jpg,260.58855652809143,249.1113245487213,95.75463086366652,98.95849227905272
10241,/dataset/ARCTIC/s05/mixer_grab_01/3/00195.jpg,208.79769325256348,203.99267971515656,67.59181618690491,65.43651223182678
10249,/dataset/ARCTIC/s05/mixer_grab_01/3/00205.jpg,211.18706464767456,243.4285432100296,78.74423265457153,75.29734820127487
10285,/dataset/ARCTIC/s05/mixer_grab_01/3/00250.jpg,228.21170091629028,206.52277767658236,80.87499439716339,76.32540911436081
10293,/dataset/ARCTIC/s05/mixer_grab_01/3/00260.jpg,218.73116493225095,254.79623675346372,77.77279615402222,81.42715692520142
10385,/dataset/ARCTIC/s05/mixer_grab_01/3/00375.jpg,313.2624328136444,236.50091886520383,78.96935194730759,79.96688038110733
10686,/dataset/ARCTIC/s05/mixer_grab_01/5/00751.jpg,178.2294660806656,185.40851771831512,43.5076467692852,43.15369203686714
10690,/dataset/ARCTIC/s05/mixer_grab_01/5/00756.jpg,184.72428619861603,186.1676275730133,42.280007153749466,43.509479612112045
10695,/dataset/ARCTIC/s05/mixer_grab_01/7/00762.jpg,263.94498348236084,225.46453773975367,35.53353622555733,40.25544598698616
10699,/dataset/ARCTIC/s05/mixer_grab_01/7/00767.jpg,271.5904414653778,234.68941450119016,34.43232178688049,38.06689754128456
10710,/dataset/ARCTIC/s05/mixer_grab_01/5/00781.jpg,188.11731040477756,174.81552064418793,42.33632236719132,44.10332441329956
10929,/dataset/ARCTIC/s05/mixer_use_01/3/00274.jpg,211.46726608276367,192.61567294597623,55.74465915560722,55.424705147743225
11179,/dataset/ARCTIC/s05/mixer_use_01/7/00586.jpg,235.2688759565353,211.87350153923035,59.1297522187233,63.165463507175446
11183,/dataset/ARCTIC/s05/mixer_use_01/7/00591.jpg,227.7604341506958,206.1700820922852,59.02125686407089,62.48598545789719
11187,/dataset/ARCTIC/s05/mixer_use_01/7/00596.jpg,224.1353988647461,207.8786939382553,58.3941787481308,62.84065544605255
11215,/dataset/ARCTIC/s05/mixer_use_01/7/00631.jpg,213.8304561376572,201.8257826566696,44.70573365688324,46.86130955815315
11222,/dataset/ARCTIC/s05/mixer_use_01/5/00640.jpg,177.94647812843323,173.6922264099121,38.83206844329834,41.02250561118126
11239,/dataset/ARCTIC/s05/mixer_use_01/7/00661.jpg,256.3958764076233,222.5844115018845,31.58355876803398,35.073909908533096
11251,/dataset/ARCTIC/s05/mixer_use_02/7/00012.jpg,247.6041316986084,203.08931171894076,37.203554064035416,40.58894142508507
11505,/dataset/ARCTIC/s05/mixer_use_02/3/00330.jpg,245.12511491775516,199.98537003993988,36.906879395246506,40.23069515824318
11509,/dataset/ARCTIC/s05/mixer_use_02/3/00335.jpg,244.12892758846283,214.10638093948364,40.96909239888191,39.94228690862656
11513,/dataset/ARCTIC/s05/mixer_use_02/3/00340.jpg,260.3205144405365,190.33224880695343,44.58106309175491,39.70208019018173
11517,/dataset/ARCTIC/s05/mixer_use_02/3/00345.jpg,238.98586630821228,185.99849939346316,46.3901162147522,44.2628338932991
11537,/dataset/ARCTIC/s05/mixer_use_02/3/00370.jpg,255.16724586486816,176.88581347465515,39.9700254201889,43.99404674768448
11541,/dataset/ARCTIC/s05/mixer_use_02/3/00375.jpg,223.32026064395905,178.2151311635971,37.38051652908325,41.00180044770241
11629,/dataset/ARCTIC/s05/mixer_use_02/3/00485.jpg,268.9496576786041,179.82172966003418,44.12544146180153,45.12031748890877
11737,/dataset/ARCTIC/s05/mixer_use_02/3/00620.jpg,206.2403559684753,175.50483345985413,38.71927782893181,34.819912165403366
11741,/dataset/ARCTIC/s05/mixer_use_02/3/00625.jpg,219.04897689819336,203.5638689994812,41.136693209409714,39.347629994153976
11749,/dataset/ARCTIC/s05/mixer_use_02/3/00635.jpg,225.939080119133,194.95223462581637,46.01972550153732,44.31591555476189
11753,/dataset/ARCTIC/s05/mixer_use_02/3/00640.jpg,227.2653877735138,186.65209412574768,44.29937899112701,43.11269149184227
11757,/dataset/ARCTIC/s05/mixer_use_02/3/00645.jpg,213.4574204683304,189.91169333457947,43.289754539728165,41.6499637067318
11773,/dataset/ARCTIC/s05/mixer_use_02/3/00665.jpg,268.52983236312866,301.1239469051361,66.91048294305801,69.9307918548584
11821,/dataset/ARCTIC/s05/notebook_grab_01/3/00012.jpg,244.07687783241272,219.82324123382568,52.034828811883926,55.385734885931015
11921,/dataset/ARCTIC/s05/notebook_grab_01/3/00137.jpg,172.37699031829834,197.9503333568573,43.15335676074028,39.52524438500405
12045,/dataset/ARCTIC/s05/notebook_grab_01/3/00292.jpg,243.39930713176727,189.864844083786,48.63594099879265,53.04263159632683
12049,/dataset/ARCTIC/s05/notebook_grab_01/3/00297.jpg,259.3791484832764,196.669340133667,54.55034598708153,50.871286541223526
12057,/dataset/ARCTIC/s05/notebook_grab_01/3/00307.jpg,249.69300627708435,383.09475779533386,53.375061601400375,55.602915585041046
12065,/dataset/ARCTIC/s05/notebook_grab_01/3/00317.jpg,304.41808700561523,219.30067241191864,49.0088053047657,50.80756172537804
12073,/dataset/ARCTIC/s05/notebook_grab_01/3/00327.jpg,276.32325887680054,224.25533831119537,63.063591718673706,61.25107035040856
12077,/dataset/ARCTIC/s05/notebook_grab_01/3/00332.jpg,232.32576251029968,198.84854555130005,63.5996088385582,59.75653603672981
12101,/dataset/ARCTIC/s05/notebook_grab_01/3/00362.jpg,203.33261787891388,196.2060034275055,54.99578267335892,56.62895366549492
12105,/dataset/ARCTIC/s05/notebook_grab_01/3/00367.jpg,235.4767471551895,181.9039881229401,51.81640759110451,48.50948229432106
12277,/dataset/ARCTIC/s05/notebook_grab_01/3/00582.jpg,278.69489789009094,211.722269654274,53.84421721100807,52.88251489400864
12519,/dataset/ARCTIC/s05/notebook_grab_01/7/00884.jpg,189.1063153743744,185.47049164772037,53.62736433744431,52.36989632248879
12523,/dataset/ARCTIC/s05/notebook_grab_01/7/00889.jpg,200.33930242061612,201.5002518892288,45.97964882850647,48.70837181806564
12531,/dataset/ARCTIC/s05/notebook_grab_01/7/00899.jpg,201.83229446411133,204.57972586154935,42.573023587465286,44.93402317166328
12535,/dataset/ARCTIC/s05/notebook_grab_01/7/00904.jpg,211.9903266429901,212.39320933818817,45.072756707668304,47.57111519575119
12553,/dataset/ARCTIC/s05/notebook_grab_01/3/00927.jpg,251.13415718078613,249.2192089557648,47.11335152387619,51.82427912950516
12557,/dataset/ARCTIC/s05/notebook_grab_01/3/00932.jpg,248.97456169128415,240.2171492576599,47.08711430430412,50.583019852638245
12561,/dataset/ARCTIC/s05/notebook_grab_01/3/00937.jpg,257.86828994750977,238.39794099330905,46.89430817961693,47.77991399168968
12565,/dataset/ARCTIC/s05/notebook_grab_01/3/00942.jpg,267.4872875213623,238.87571692466736,48.337671905756,51.90972611308098
12571,/dataset/ARCTIC/s05/notebook_use_01/7/00007.jpg,215.15822410583496,201.4479488134384,48.20550233125687,52.38199606537819
12575,/dataset/ARCTIC/s05/notebook_use_01/7/00012.jpg,236.3402247428894,207.1551978588104,44.53575238585472,44.611357152462006
13109,/dataset/ARCTIC/s05/notebook_use_01/3/00680.jpg,202.83785462379456,177.87054181098938,50.66535621881485,47.608084976673126
13165,/dataset/ARCTIC/s05/notebook_use_01/3/00750.jpg,227.5458425283432,219.87022459506989,49.99687522649765,50.2961166203022
13169,/dataset/ARCTIC/s05/notebook_use_01/3/00755.jpg,275.0803530216217,241.1385178565979,48.63695055246353,48.78659173846245
13191,/dataset/ARCTIC/s05/notebook_use_01/7/00782.jpg,227.85043716430664,228.3409684896469,44.28793862462044,48.12213405966759
13197,/dataset/ARCTIC/s05/notebook_use_02/3/00005.jpg,241.47652089595795,229.34789955616,47.14448004961014,49.48908090591431
13199,/dataset/ARCTIC/s05/notebook_use_02/7/00007.jpg,192.2857016324997,200.4384249448776,44.2887507379055,47.77806997299194
13203,/dataset/ARCTIC/s05/notebook_use_02/7/00012.jpg,192.27808713912964,193.83808970451355,46.15215212106705,50.35655200481415
13253,/dataset/ARCTIC/s05/notebook_use_02/3/00075.jpg,306.6213130950928,213.59361708164212,56.10604956746101,55.55858090519905
13283,/dataset/ARCTIC/s05/notebook_use_02/7/00112.jpg,209.6414715051651,172.4826544523239,43.77119988203049,40.83707928657532
13309,/dataset/ARCTIC/s05/notebook_use_02/3/00145.jpg,279.11534905433655,203.34692299366,50.65683275461197,54.59500476717949
13549,/dataset/ARCTIC/s05/notebook_use_02/3/00445.jpg,221.33031487464905,209.16523039340973,60.5892576277256,60.51987409591675
13737,/dataset/ARCTIC/s05/notebook_use_02/3/00680.jpg,207.59569108486176,234.7411513328552,58.18942561745644,55.152613669633865
13741,/dataset/ARCTIC/s05/notebook_use_02/3/00685.jpg,208.9950293302536,238.6094182729721,54.78952080011368,58.7756484746933
13787,/dataset/ARCTIC/s05/phone_grab_01/7/00013.jpg,252.8042495250702,191.7000412940979,60.32998114824295,58.0822080373764
14401,/dataset/ARCTIC/s05/phone_grab_01/3/00781.jpg,256.52045011520386,201.94143056869507,53.16222086548805,56.73312023282051
14405,/dataset/ARCTIC/s05/phone_grab_01/3/00786.jpg,241.70157313346863,216.50663018226624,47.41980880498886,49.43171888589859
14409,/dataset/ARCTIC/s05/phone_grab_01/3/00791.jpg,236.00275814533236,222.24250435829163,44.578492641448975,47.83625155687332
14413,/dataset/ARCTIC/s05/phone_grab_01/3/00796.jpg,252.34463810920715,224.77488219738007,43.27793046832085,48.038698732852936
14417,/dataset/ARCTIC/s05/phone_grab_01/3/00801.jpg,251.0082721710205,225.34118592739105,45.4791784286499,48.20156469941139
14421,/dataset/ARCTIC/s05/phone_grab_01/3/00806.jpg,242.9575622081757,223.869651556015,44.70757767558098,46.119578182697296
14425,/dataset/ARCTIC/s05/phone_grab_01/3/00811.jpg,246.03301286697388,221.49455547332764,45.2306792140007,46.35932296514511
14429,/dataset/ARCTIC/s05/phone_grab_01/3/00816.jpg,247.74612486362457,221.627339720726,45.08986324071884,47.844018787145615
14435,/dataset/ARCTIC/s05/phone_use_01/7/00004.jpg,201.9165605306625,194.30287182331085,52.80457064509392,55.71392923593521
14437,/dataset/ARCTIC/s05/phone_use_01/3/00007.jpg,199.60762560367584,197.96054065227509,43.30332577228546,48.042841255664825
14989,/dataset/ARCTIC/s05/phone_use_01/3/00697.jpg,226.12643241882324,201.49394869804385,48.82266744971275,51.10402777791023
14997,/dataset/ARCTIC/s05/phone_use_01/3/00707.jpg,246.10677361488345,215.33484756946564,46.71748727560043,47.762367874383926
15001,/dataset/ARCTIC/s05/phone_use_01/3/00712.jpg,239.1534447669983,227.78096795082087,47.557532787323,50.19621551036835
15005,/dataset/ARCTIC/s05/phone_use_01/3/00717.jpg,235.2769374847412,233.14133286476132,44.654082506895065,48.33292588591576
15011,/dataset/ARCTIC/s05/phone_use_01/7/00724.jpg,197.21180200576785,212.24087476730347,50.92252418398857,53.45587059855461
15545,/dataset/ARCTIC/s05/phone_use_02/3/00664.jpg,215.51138162612915,204.3171226978302,42.51883551478386,45.550815761089325
15549,/dataset/ARCTIC/s05/phone_use_02/3/00669.jpg,247.56598472595212,228.31103205680847,44.27371919155121,42.33426973223686
15551,/dataset/ARCTIC/s05/phone_use_02/7/00671.jpg,189.81242179870603,190.9923404455185,55.08671328425408,57.74005129933357
15555,/dataset/ARCTIC/s05/phone_use_02/7/00676.jpg,196.61125540733337,202.6928812265396,53.672876209020615,58.08615311980248
15559,/dataset/ARCTIC/s05/phone_use_02/7/00681.jpg,195.0150281190872,208.8325023651123,51.86666175723076,54.57373708486557
15563,/dataset/ARCTIC/s05/phone_use_02/7/00686.jpg,210.29728651046756,232.17540979385376,50.991564989089966,53.74055355787277
15567,/dataset/ARCTIC/s05/phone_use_02/7/00691.jpg,222.0354974269867,226.68859362602237,50.92082917690277,52.32029780745506
15571,/dataset/ARCTIC/s05/phone_use_02/7/00696.jpg,226.43685340881348,223.8072156906128,53.217813372612,53.99174988269806
15575,/dataset/ARCTIC/s05/phone_use_02/7/00701.jpg,224.16679561138156,221.5808928012848,55.1205538213253,52.0179308950901
15579,/dataset/ARCTIC/s05/phone_use_02/7/00706.jpg,213.19280564785004,204.5731097459793,53.534287959337234,57.06668272614479
15583,/dataset/ARCTIC/s05/phone_use_02/7/00711.jpg,218.17441284656525,218.5768336057663,56.7435584962368,57.6440766453743
15587,/dataset/ARCTIC/s05/phone_use_02/7/00716.jpg,215.75279533863068,206.8343311548233,58.65243822336197,58.26480686664581
15593,/dataset/ARCTIC/s05/phone_use_03/3/00005.jpg,251.15108489990237,227.5124043226242,45.71012407541275,48.27193170785904
15595,/dataset/ARCTIC/s05/phone_use_03/7/00007.jpg,248.4692484140396,195.6031173467636,54.62517589330673,57.59327486157417
15597,/dataset/ARCTIC/s05/phone_use_03/3/00010.jpg,241.9773638248444,220.2430218458176,43.73995587229729,43.46656799316406
16089,/dataset/ARCTIC/s05/phone_use_03/3/00625.jpg,205.55227994918823,176.0784089565277,40.725164115428925,40.97792133688927
16313,/dataset/ARCTIC/s05/phone_use_03/3/00905.jpg,228.675439953804,204.22932505607605,53.63272503018379,49.73412677645683
16323,/dataset/ARCTIC/s05/phone_use_03/7/00917.jpg,203.80213856697085,195.60828804969788,47.52885550260544,51.92480608820915
16327,/dataset/ARCTIC/s05/phone_use_03/7/00922.jpg,210.8457237482071,200.12345910072327,49.23380538821221,53.091127425432205
16329,/dataset/ARCTIC/s05/phone_use_03/3/00925.jpg,246.1088001728058,247.6156949996948,47.977156937122345,49.17280003428459
16333,/dataset/ARCTIC/s05/phone_use_03/3/00930.jpg,259.6299648284912,245.6548362970352,47.34586924314499,51.01079493761063
16335,/dataset/ARCTIC/s05/phone_use_03/7/00932.jpg,227.2009700536728,216.2738144397736,51.769182085990906,55.22671714425087
16337,/dataset/ARCTIC/s05/phone_use_03/3/00935.jpg,238.51017653942108,244.26007270812988,46.10777646303177,48.32367599010468
16349,/dataset/ARCTIC/s05/phone_use_04/3/00012.jpg,205.70802688598636,204.0414810180664,72.83073663711548,69.75170969963074
16429,/dataset/ARCTIC/s05/phone_use_04/3/00112.jpg,225.08324682712555,183.93263220787048,52.62814089655876,52.3112528026104
16433,/dataset/ARCTIC/s05/phone_use_04/3/00117.jpg,249.45536255836487,186.16262078285217,56.21400102972984,54.63249981403351
17209,/dataset/ARCTIC/s05/phone_use_04/3/01087.jpg,230.19027709960935,220.2187329530716,50.5916140973568,46.92378267645836
17211,/dataset/ARCTIC/s05/phone_use_04/7/01089.jpg,198.1221288442612,197.93111085891724,50.25709420442581,55.06490916013718
17213,/dataset/ARCTIC/s05/phone_use_04/3/01092.jpg,233.59212279319763,223.5970348119736,45.816339552402496,46.39057442545891
17215,/dataset/ARCTIC/s05/phone_use_04/7/01094.jpg,212.47455477714536,192.77380406856537,50.042323768138885,51.64237320423126
17219,/dataset/ARCTIC/s05/phone_use_04/7/01099.jpg,198.50219786167145,206.927552819252,51.24463886022568,53.99820953607559
17225,/dataset/ARCTIC/s05/phone_use_04/3/01107.jpg,257.6013505458832,236.06571555137637,45.70449888706207,50.00076442956925
17233,/dataset/ARCTIC/s05/phone_use_04/3/01117.jpg,252.640038728714,232.43311047554016,45.22750526666641,48.03774878382683
17234,/dataset/ARCTIC/s05/scissors_grab_01/5/00001.jpg,294.04523968696594,277.2023379802704,55.34643679857254,53.17537114024162
17237,/dataset/ARCTIC/s05/scissors_grab_01/3/00005.jpg,265.04355669021606,231.0824692249298,44.51531544327736,49.10004884004593
17243,/dataset/ARCTIC/s05/scissors_grab_01/7/00012.jpg,223.04505109786987,193.9799189567566,57.77947977185249,56.013818830251694
17741,/dataset/ARCTIC/s05/scissors_grab_01/3/00635.jpg,220.5152064561844,192.79086589813232,66.53138250112534,62.5111386179924
17743,/dataset/ARCTIC/s05/scissors_grab_01/7/00637.jpg,201.5094757080078,186.68679893016812,41.451454162597656,45.42111605405808
17757,/dataset/ARCTIC/s05/scissors_grab_01/3/00655.jpg,254.014790058136,242.0166581869125,47.84232378005981,52.18392238020897
17761,/dataset/ARCTIC/s05/scissors_grab_01/3/00660.jpg,246.60302698612213,236.6166114807129,51.30770802497864,52.39041522145271
17765,/dataset/ARCTIC/s05/scissors_grab_01/3/00665.jpg,252.57253646850583,234.70376431941983,49.86070096492767,49.44579675793648
17769,/dataset/ARCTIC/s05/scissors_grab_01/3/00670.jpg,253.64837050437927,235.98359525203705,49.63922128081322,53.96697670221329
17773,/dataset/ARCTIC/s05/scissors_grab_01/3/00675.jpg,252.3191869258881,235.24966835975647,49.30119961500168,49.45608973503113
17777,/dataset/ARCTIC/s05/scissors_use_01_retake/3/00004.jpg,235.69197952747345,226.5462726354599,48.50683361291885,51.99996009469032
17781,/dataset/ARCTIC/s05/scissors_use_01_retake/3/00009.jpg,223.61595928668976,218.65332126617432,47.99284040927887,52.86360532045365
18417,/dataset/ARCTIC/s05/scissors_use_01_retake/3/00804.jpg,251.34247541427607,247.03772366046903,48.93708974123001,48.00313338637352
18419,/dataset/ARCTIC/s05/scissors_use_01_retake/7/00806.jpg,197.70239293575287,195.4757422208786,48.16640540957451,45.95015197992325
18421,/dataset/ARCTIC/s05/scissors_use_01_retake/3/00809.jpg,258.9592933654785,254.6172142028809,47.17569798231125,51.65393278002739
18423,/dataset/ARCTIC/s05/scissors_use_01_retake/7/00811.jpg,205.758273601532,201.2980878353119,44.5403978228569,45.76646536588669
18427,/dataset/ARCTIC/s05/scissors_use_01_retake/7/00816.jpg,212.8199338912964,199.45308566093445,49.88579452037811,51.00869759917259
18431,/dataset/ARCTIC/s05/scissors_use_01_retake/7/00821.jpg,203.54989171028137,201.63594186306,49.33686554431915,51.97994410991669
18433,/dataset/ARCTIC/s05/scissors_use_01_retake/3/00824.jpg,243.4768378734589,248.1108009815216,43.3877632021904,47.42122069001198
18437,/dataset/ARCTIC/s05/scissors_use_01_retake/3/00829.jpg,243.85282397270203,250.49343705177307,42.925186455249786,45.65603658556938
18439,/dataset/ARCTIC/s05/scissors_use_01_retake/7/00831.jpg,206.08823001384732,214.48948979377747,46.33133113384247,47.66381159424782
18441,/dataset/ARCTIC/s05/scissors_use_01_retake/3/00834.jpg,251.20070576667783,244.5380538702011,43.85693743824959,45.28168961405754
18443,/dataset/ARCTIC/s05/scissors_use_01_retake/7/00836.jpg,219.1266417503357,195.44754922389984,46.635061502456665,50.24190992116928
18445,/dataset/ARCTIC/s05/scissors_use_01_retake/3/00839.jpg,254.51791286468503,243.47101151943207,43.32282766699791,45.41942104697228
18969,/dataset/ARCTIC/s05/scissors_use_02/3/00653.jpg,220.03978490829468,209.4879448413849,45.33350095152855,41.6313037276268
18973,/dataset/ARCTIC/s05/scissors_use_02/3/00658.jpg,228.77071797847748,221.10266983509064,43.80408301949501,43.34309324622154
18975,/dataset/ARCTIC/s05/scissors_use_02/7/00660.jpg,230.38087785243988,207.9835683107376,54.9716018140316,57.936057448387146
18977,/dataset/ARCTIC/s05/scissors_use_02/3/00663.jpg,257.2922706604004,224.06122088432312,45.40435969829559,49.42876473069191
18983,/dataset/ARCTIC/s05/scissors_use_02/7/00670.jpg,247.22525477409363,209.172785282135,59.74379926919937,56.13823235034943
18987,/dataset/ARCTIC/s05/scissors_use_02/7/00675.jpg,263.8179361820221,204.3790966272354,57.14251101016998,55.02193793654442
18991,/dataset/ARCTIC/s05/scissors_use_02/7/00680.jpg,269.3566083908081,201.11915469169617,57.44820088148117,56.388601660728455
18995,/dataset/ARCTIC/s05/scissors_use_02/7/00685.jpg,269.33133602142334,207.89271593093872,57.737790048122406,56.42120540142059
19001,/dataset/ARCTIC/s05/waffleiron_grab_01/3/00006.jpg,251.1157393455505,252.5825202465057,44.42783445119858,47.365009784698486
19053,/dataset/ARCTIC/s05/waffleiron_grab_01/3/00071.jpg,239.1006350517273,177.27959156036377,48.85987937450409,47.05098643898964
19097,/dataset/ARCTIC/s05/waffleiron_grab_01/3/00126.jpg,179.3396770954132,189.0995353460312,39.27623853087425,43.44778880476952
19101,/dataset/ARCTIC/s05/waffleiron_grab_01/3/00131.jpg,182.4195235967636,184.6003085374832,37.50849142670632,39.332929998636246
19105,/dataset/ARCTIC/s05/waffleiron_grab_01/3/00136.jpg,210.14350652694705,188.88765573501587,36.25403717160225,38.667891174554825
19109,/dataset/ARCTIC/s05/waffleiron_grab_01/3/00141.jpg,253.77583503723145,194.6498155593872,37.73406147956848,40.01443088054657
19125,/dataset/ARCTIC/s05/waffleiron_grab_01/3/00161.jpg,264.4529044628144,193.4807002544403,52.96497419476509,48.151493072509766
19129,/dataset/ARCTIC/s05/waffleiron_grab_01/3/00166.jpg,291.7216718196869,199.3437260389328,51.60555243492127,48.85999858379364
19137,/dataset/ARCTIC/s05/waffleiron_grab_01/3/00176.jpg,257.75760412216187,173.8387942314148,40.71931168437004,41.75830632448197
19141,/dataset/ARCTIC/s05/waffleiron_grab_01/3/00181.jpg,254.77373600006104,217.23726391792297,41.102759540081024,44.36811059713364
19145,/dataset/ARCTIC/s05/waffleiron_grab_01/3/00186.jpg,235.2568358182907,284.8011255264282,44.98329013586044,47.08010330796242
19149,/dataset/ARCTIC/s05/waffleiron_grab_01/3/00191.jpg,221.2592363357544,202.4223655462265,46.66899889707565,50.05417764186859
19209,/dataset/ARCTIC/s05/waffleiron_grab_01/3/00266.jpg,247.43054807186127,189.3782615661621,33.03749859333038,30.17580136656761
19213,/dataset/ARCTIC/s05/waffleiron_grab_01/3/00271.jpg,276.46201848983765,236.1227422952652,33.40824693441391,31.120387837290764
19217,/dataset/ARCTIC/s05/waffleiron_grab_01/3/00276.jpg,218.2981967926025,257.8171491622925,38.48045691847801,39.9622768163681
19221,/dataset/ARCTIC/s05/waffleiron_grab_01/3/00281.jpg,208.3311676979065,214.03157711029053,40.79388827085495,42.89592802524567
19337,/dataset/ARCTIC/s05/waffleiron_grab_01/3/00426.jpg,367.42857098579407,212.148979306221,62.20565736293793,62.88827955722809
19469,/dataset/ARCTIC/s05/waffleiron_grab_01/3/00591.jpg,249.61695075035092,253.8144588470459,54.953403770923615,54.71469461917877
19473,/dataset/ARCTIC/s05/waffleiron_grab_01/3/00596.jpg,278.8885235786438,286.0078811645508,50.626128911972046,55.59127032756805
19501,/dataset/ARCTIC/s05/waffleiron_use_01/3/00007.jpg,291.39143228530884,284.38079357147217,51.08075588941574,50.48627778887749
19503,/dataset/ARCTIC/s05/waffleiron_use_01/7/00009.jpg,223.38242828845975,198.31055402755737,38.32899406552315,41.17080941796303
19721,/dataset/ARCTIC/s05/waffleiron_use_01/3/00282.jpg,165.7218635082245,165.81428050994873,33.22497382760048,35.09458154439926
20013,/dataset/ARCTIC/s05/waffleiron_use_01/3/00647.jpg,215.3677195310593,213.06416392326355,54.50347810983658,55.87780103087425
20017,/dataset/ARCTIC/s05/waffleiron_use_01/3/00652.jpg,294.1935658454895,292.40041971206665,53.97597700357437,53.23822423815727
20019,/dataset/ARCTIC/s05/waffleiron_use_01/7/00654.jpg,211.0625654459,215.3954952955246,42.21950471401215,46.99267819523811
20051,/dataset/ARCTIC/s05/waffleiron_use_02/7/00005.jpg,260.5994641780853,209.58656072616577,39.47063907980919,39.85201194882393
20061,/dataset/ARCTIC/s05/waffleiron_use_02/3/00018.jpg,302.0363450050354,181.65147304534912,41.963957250118256,40.69257900118828
20069,/dataset/ARCTIC/s05/waffleiron_use_02/3/00028.jpg,199.3926167488098,173.81146550178528,45.2687181532383,41.783224791288376
20217,/dataset/ARCTIC/s05/waffleiron_use_02/3/00213.jpg,229.66529428958893,174.8262643814087,43.98723319172859,40.88480398058891
20673,/dataset/ARCTIC/s05/waffleiron_use_02/3/00783.jpg,246.3375478982925,213.6782109737396,54.5610710978508,57.340219616889954
20675,/dataset/ARCTIC/s05/waffleiron_use_02/7/00785.jpg,196.19819521903992,185.0913166999817,53.695451468229294,49.62727054953575
20677,/dataset/ARCTIC/s05/waffleiron_use_02/3/00788.jpg,253.10003757476807,243.5328960418701,48.48843812942505,47.02052101492882
